0 verbose cli C:\Program Files\nodejs\node.exe C:\Program Files\nodejs\node_modules\npm\bin\npm-cli.js
1 info using npm@10.8.2
2 info using node@v20.20.0
3 silly config load:file:C:\Program Files\nodejs\node_modules\npm\npmrc
4 silly config load:file:D:\ESPRIT\4eme\Stage_Ingénieur_ete\Projet1_CatalaogueIndustrialisation\DEV\FrontendAngular\industrialisationprojet_frontend\.npmrc
5 silly config load:file:D:\ESPRIT\4eme\Stage_Ingénieur_ete\Projet1_CatalaogueIndustrialisation\DEV\FrontendAngular\industrialisationprojet_frontend\.appdata\npm\etc\npmrc
6 verbose title npm install
7 verbose argv "install"
8 verbose logfile logs-max:10 dir:D:\ESPRIT\4eme\Stage_Ingénieur_ete\Projet1_CatalaogueIndustrialisation\DEV\FrontendAngular\industrialisationprojet_frontend\.npm-cache\_logs\2026-07-06T08_46_57_346Z-
9 verbose logfile D:\ESPRIT\4eme\Stage_Ingénieur_ete\Projet1_CatalaogueIndustrialisation\DEV\FrontendAngular\industrialisationprojet_frontend\.npm-cache\_logs\2026-07-06T08_46_57_346Z-debug-0.log
10 silly packumentCache heap:4345298944 maxSize:1086324736 maxEntrySize:543162368
11 silly logfile done cleaning log files
12 silly idealTree buildDeps
13 silly reify moves {}
14 http fetch GET https://registry.npmjs.org/npm attempt 1 failed with EACCES
15 silly audit bulk request {
15 silly audit   '@algolia/abtesting': [ '1.1.0' ],
15 silly audit   '@algolia/client-abtesting': [ '5.35.0' ],
15 silly audit   '@algolia/client-analytics': [ '5.35.0' ],
15 silly audit   '@algolia/client-common': [ '5.35.0' ],
15 silly audit   '@algolia/client-insights': [ '5.35.0' ],
15 silly audit   '@algolia/client-personalization': [ '5.35.0' ],
15 silly audit   '@algolia/client-query-suggestions': [ '5.35.0' ],
15 silly audit   '@algolia/client-search': [ '5.35.0' ],
15 silly audit   '@algolia/ingestion': [ '1.35.0' ],
15 silly audit   '@algolia/monitoring': [ '1.35.0' ],
15 silly audit   '@algolia/recommend': [ '5.35.0' ],
15 silly audit   '@algolia/requester-browser-xhr': [ '5.35.0' ],
15 silly audit   '@algolia/requester-fetch': [ '5.35.0' ],
15 silly audit   '@algolia/requester-node-http': [ '5.35.0' ],
15 silly audit   '@ampproject/remapping': [ '2.3.0' ],
15 silly audit   '@angular-devkit/architect': [ '0.2003.30' ],
15 silly audit   '@angular-devkit/build-angular': [ '20.3.30' ],
15 silly audit   '@angular-devkit/build-webpack': [ '0.2003.30' ],
15 silly audit   '@angular-devkit/core': [ '20.3.30' ],
15 silly audit   '@angular-devkit/schematics': [ '20.3.30' ],
15 silly audit   '@angular/animations': [ '20.3.25' ],
15 silly audit   '@angular/build': [ '20.3.30' ],
15 silly audit   '@angular/cdk': [ '20.2.14' ],
15 silly audit   '@angular/cli': [ '20.3.30' ],
15 silly audit   '@angular/common': [ '20.3.25' ],
15 silly audit   '@angular/compiler': [ '20.3.25' ],
15 silly audit   '@angular/compiler-cli': [ '20.3.25' ],
15 silly audit   '@babel/core': [ '7.28.3', '7.29.7' ],
15 silly audit   'convert-source-map': [ '2.0.0', '1.9.0' ],
15 silly audit   semver: [ '6.3.1', '5.7.2', '7.7.2' ],
15 silly audit   '@angular/core': [ '20.3.25' ],
15 silly audit   '@angular/forms': [ '20.3.25' ],
15 silly audit   '@angular/material': [ '20.2.14' ],
15 silly audit   '@angular/platform-browser': [ '20.3.25' ],
15 silly audit   '@angular/platform-browser-dynamic': [ '20.3.25' ],
15 silly audit   '@angular/router': [ '20.3.25' ],
15 silly audit   '@babel/code-frame': [ '7.29.7' ],
15 silly audit   '@babel/compat-data': [ '7.29.7' ],
15 silly audit   '@babel/generator': [ '7.29.7', '7.28.3' ],
15 silly audit   '@babel/helper-annotate-as-pure': [ '7.27.3', '7.29.7' ],
15 silly audit   '@babel/helper-compilation-targets': [ '7.29.7' ],
15 silly audit   '@babel/helper-create-class-features-plugin': [ '7.29.7' ],
15 silly audit   '@babel/helper-create-regexp-features-plugin': [ '7.29.7' ],
15 silly audit   '@babel/helper-define-polyfill-provider': [ '0.6.8' ],
15 silly audit   resolve: [ '1.22.12', '1.22.10' ],
15 silly audit   '@babel/helper-globals': [ '7.29.7' ],
15 silly audit   '@babel/helper-member-expression-to-functions': [ '7.29.7' ],
15 silly audit   '@babel/helper-module-imports': [ '7.29.7' ],
15 silly audit   '@babel/helper-module-transforms': [ '7.29.7' ],
15 silly audit   '@babel/helper-optimise-call-expression': [ '7.29.7' ],
15 silly audit   '@babel/helper-plugin-utils': [ '7.29.7' ],
15 silly audit   '@babel/helper-remap-async-to-generator': [ '7.29.7' ],
15 silly audit   '@babel/helper-replace-supers': [ '7.29.7' ],
15 silly audit   '@babel/helper-skip-transparent-expression-wrappers': [ '7.29.7' ],
15 silly audit   '@babel/helper-split-export-declaration': [ '7.24.7' ],
15 silly audit   '@babel/helper-string-parser': [ '7.29.7' ],
15 silly audit   '@babel/helper-validator-identifier': [ '7.29.7' ],
15 silly audit   '@babel/helper-validator-option': [ '7.29.7' ],
15 silly audit   '@babel/helper-wrap-function': [ '7.29.7' ],
15 silly audit   '@babel/helpers': [ '7.29.7' ],
15 silly audit   '@babel/parser': [ '7.29.7' ],
15 silly audit   '@babel/plugin-bugfix-firefox-class-in-computed-class-key': [ '7.29.7' ],
15 silly audit   '@babel/plugin-bugfix-safari-class-field-initializer-scope': [ '7.29.7' ],
15 silly audit   '@babel/plugin-bugfix-safari-id-destructuring-collision-in-function-expression': [ '7.29.7' ],
15 silly audit   '@babel/plugin-bugfix-v8-spread-parameters-in-optional-chaining': [ '7.29.7' ],
15 silly audit   '@babel/plugin-bugfix-v8-static-class-fields-redefine-readonly': [ '7.29.7' ],
15 silly audit   '@babel/plugin-proposal-private-property-in-object': [ '7.21.0-placeholder-for-preset-env.2' ],
15 silly audit   '@babel/plugin-syntax-import-assertions': [ '7.29.7' ],
15 silly audit   '@babel/plugin-syntax-import-attributes': [ '7.29.7' ],
15 silly audit   '@babel/plugin-syntax-unicode-sets-regex': [ '7.18.6' ],
15 silly audit   '@babel/plugin-transform-arrow-functions': [ '7.29.7' ],
15 silly audit   '@babel/plugin-transform-async-generator-functions': [ '7.28.0' ],
15 silly audit   '@babel/plugin-transform-async-to-generator': [ '7.27.1' ],
15 silly audit   '@babel/plugin-transform-block-scoped-functions': [ '7.29.7' ],
15 silly audit   '@babel/plugin-transform-block-scoping': [ '7.29.7' ],
15 silly audit   '@babel/plugin-transform-class-properties': [ '7.29.7' ],
15 silly audit   '@babel/plugin-transform-class-static-block': [ '7.29.7' ],
15 silly audit   '@babel/plugin-transform-classes': [ '7.29.7' ],
15 silly audit   '@babel/plugin-transform-computed-properties': [ '7.29.7' ],
15 silly audit   '@babel/plugin-transform-destructuring': [ '7.29.7' ],
15 silly audit   '@babel/plugin-transform-dotall-regex': [ '7.29.7' ],
15 silly audit   '@babel/plugin-transform-duplicate-keys': [ '7.29.7' ],
15 silly audit   '@babel/plugin-transform-duplicate-named-capturing-groups-regex': [ '7.29.7' ],
15 silly audit   '@babel/plugin-transform-dynamic-import': [ '7.29.7' ],
15 silly audit   '@babel/plugin-transform-explicit-resource-management': [ '7.29.7' ],
15 silly audit   '@babel/plugin-transform-exponentiation-operator': [ '7.29.7' ],
15 silly audit   '@babel/plugin-transform-export-namespace-from': [ '7.29.7' ],
15 silly audit   '@babel/plugin-transform-for-of': [ '7.29.7' ],
15 silly audit   '@babel/plugin-transform-function-name': [ '7.29.7' ],
15 silly audit   '@babel/plugin-transform-json-strings': [ '7.29.7' ],
15 silly audit   '@babel/plugin-transform-literals': [ '7.29.7' ],
15 silly audit   '@babel/plugin-transform-logical-assignment-operators': [ '7.29.7' ],
15 silly audit   '@babel/plugin-transform-member-expression-literals': [ '7.29.7' ],
15 silly audit   '@babel/plugin-transform-modules-amd': [ '7.29.7' ],
15 silly audit   '@babel/plugin-transform-modules-commonjs': [ '7.29.7' ],
15 silly audit   '@babel/plugin-transform-modules-systemjs': [ '7.29.7' ],
15 silly audit   '@babel/plugin-transform-modules-umd': [ '7.29.7' ],
15 silly audit   '@babel/plugin-transform-named-capturing-groups-regex': [ '7.29.7' ],
15 silly audit   '@babel/plugin-transform-new-target': [ '7.29.7' ],
15 silly audit   '@babel/plugin-transform-nullish-coalescing-operator': [ '7.29.7' ],
15 silly audit   '@babel/plugin-transform-numeric-separator': [ '7.29.7' ],
15 silly audit   '@babel/plugin-transform-object-rest-spread': [ '7.29.7' ],
15 silly audit   '@babel/plugin-transform-object-super': [ '7.29.7' ],
15 silly audit   '@babel/plugin-transform-optional-catch-binding': [ '7.29.7' ],
15 silly audit   '@babel/plugin-transform-optional-chaining': [ '7.29.7' ],
15 silly audit   '@babel/plugin-transform-parameters': [ '7.29.7' ],
15 silly audit   '@babel/plugin-transform-private-methods': [ '7.29.7' ],
15 silly audit   '@babel/plugin-transform-private-property-in-object': [ '7.29.7' ],
15 silly audit   '@babel/plugin-transform-property-literals': [ '7.29.7' ],
15 silly audit   '@babel/plugin-transform-regenerator': [ '7.29.7' ],
15 silly audit   '@babel/plugin-transform-regexp-modifiers': [ '7.29.7' ],
15 silly audit   '@babel/plugin-transform-reserved-words': [ '7.29.7' ],
15 silly audit   '@babel/plugin-transform-runtime': [ '7.28.3' ],
15 silly audit   '@babel/plugin-transform-shorthand-properties': [ '7.29.7' ],
15 silly audit   '@babel/plugin-transform-spread': [ '7.29.7' ],
15 silly audit   '@babel/plugin-transform-sticky-regex': [ '7.29.7' ],
15 silly audit   '@babel/plugin-transform-template-literals': [ '7.29.7' ],
15 silly audit   '@babel/plugin-transform-typeof-symbol': [ '7.29.7' ],
15 silly audit   '@babel/plugin-transform-unicode-escapes': [ '7.29.7' ],
15 silly audit   '@babel/plugin-transform-unicode-property-regex': [ '7.29.7' ],
15 silly audit   '@babel/plugin-transform-unicode-regex': [ '7.29.7' ],
15 silly audit   '@babel/plugin-transform-unicode-sets-regex': [ '7.29.7' ],
15 silly audit   '@babel/preset-env': [ '7.28.3' ],
15 silly audit   '@babel/preset-modules': [ '0.1.6-no-external-plugins' ],
15 silly audit   '@babel/runtime': [ '7.28.3' ],
15 silly audit   '@babel/template': [ '7.29.7' ],
15 silly audit   '@babel/traverse': [ '7.29.7' ],
15 silly audit   '@babel/types': [ '7.29.7' ],
15 silly audit   '@colors/colors': [ '1.5.0' ],
15 silly audit   '@discoveryjs/json-ext': [ '0.6.3' ],
15 silly audit   '@esbuild/aix-ppc64': [ '0.28.1', '0.27.7' ],
15 silly audit   '@esbuild/android-arm': [ '0.28.1', '0.27.7' ],
15 silly audit   '@esbuild/android-arm64': [ '0.28.1', '0.27.7' ],
15 silly audit   '@esbuild/android-x64': [ '0.28.1', '0.27.7' ],
15 silly audit   '@esbuild/darwin-arm64': [ '0.28.1', '0.27.7' ],
15 silly audit   '@esbuild/darwin-x64': [ '0.28.1', '0.27.7' ],
15 silly audit   '@esbuild/freebsd-arm64': [ '0.28.1', '0.27.7' ],
15 silly audit   '@esbuild/freebsd-x64': [ '0.28.1', '0.27.7' ],
15 silly audit   '@esbuild/linux-arm': [ '0.28.1', '0.27.7' ],
15 silly audit   '@esbuild/linux-arm64': [ '0.28.1', '0.27.7' ],
15 silly audit   '@esbuild/linux-ia32': [ '0.28.1', '0.27.7' ],
15 silly audit   '@esbuild/linux-loong64': [ '0.28.1', '0.27.7' ],
15 silly audit   '@esbuild/linux-mips64el': [ '0.28.1', '0.27.7' ],
15 silly audit   '@esbuild/linux-ppc64': [ '0.28.1', '0.27.7' ],
15 silly audit   '@esbuild/linux-riscv64': [ '0.28.1', '0.27.7' ],
15 silly audit   '@esbuild/linux-s390x': [ '0.28.1', '0.27.7' ],
15 silly audit   '@esbuild/linux-x64': [ '0.28.1', '0.27.7' ],
15 silly audit   '@esbuild/netbsd-arm64': [ '0.28.1', '0.27.7' ],
15 silly audit   '@esbuild/netbsd-x64': [ '0.28.1', '0.27.7' ],
15 silly audit   '@esbuild/openbsd-arm64': [ '0.28.1', '0.27.7' ],
15 silly audit   '@esbuild/openbsd-x64': [ '0.28.1', '0.27.7' ],
15 silly audit   '@esbuild/openharmony-arm64': [ '0.28.1', '0.27.7' ],
15 silly audit   '@esbuild/sunos-x64': [ '0.28.1', '0.27.7' ],
15 silly audit   '@esbuild/win32-arm64': [ '0.28.1', '0.27.7' ],
15 silly audit   '@esbuild/win32-ia32': [ '0.28.1', '0.27.7' ],
15 silly audit   '@esbuild/win32-x64': [ '0.28.1', '0.27.7' ],
15 silly audit   '@gar/promise-retry': [ '1.0.3' ],
15 silly audit   '@hono/node-server': [ '1.19.14' ],
15 silly audit   '@inquirer/ansi': [ '1.0.2' ],
15 silly audit   '@inquirer/checkbox': [ '4.3.2' ],
15 silly audit   '@inquirer/confirm': [ '5.1.14' ],
15 silly audit   '@inquirer/core': [ '10.3.2' ],
15 silly audit   '@inquirer/editor': [ '4.2.23' ],
15 silly audit   '@inquirer/expand': [ '4.0.23' ],
15 silly audit   '@inquirer/external-editor': [ '1.0.3' ],
15 silly audit   '@inquirer/figures': [ '1.0.15' ],
15 silly audit   '@inquirer/input': [ '4.3.1' ],
15 silly audit   '@inquirer/number': [ '3.0.23' ],
15 silly audit   '@inquirer/password': [ '4.0.23' ],
15 silly audit   '@inquirer/prompts': [ '7.8.2' ],
15 silly audit   '@inquirer/rawlist': [ '4.1.11' ],
15 silly audit   '@inquirer/search': [ '3.2.2' ],
15 silly audit   '@inquirer/select': [ '4.4.2' ],
15 silly audit   '@inquirer/type': [ '3.0.10' ],
15 silly audit   '@isaacs/fs-minipass': [ '4.0.1' ],
15 silly audit   '@istanbuljs/schema': [ '0.1.6' ],
15 silly audit   '@jridgewell/gen-mapping': [ '0.3.13' ],
15 silly audit   '@jridgewell/remapping': [ '2.3.5' ],
15 silly audit   '@jridgewell/resolve-uri': [ '3.1.2' ],
15 silly audit   '@jridgewell/source-map': [ '0.3.11' ],
15 silly audit   '@jridgewell/sourcemap-codec': [ '1.5.5' ],
15 silly audit   '@jridgewell/trace-mapping': [ '0.3.31' ],
15 silly audit   '@jsonjoy.com/base64': [ '1.1.2', '17.67.0' ],
15 silly audit   '@jsonjoy.com/buffers': [ '17.67.0', '1.2.1' ],
15 silly audit   '@jsonjoy.com/codegen': [ '1.0.0', '17.67.0' ],
15 silly audit   '@jsonjoy.com/fs-core': [ '4.57.8' ],
15 silly audit   '@jsonjoy.com/fs-fsa': [ '4.57.8' ],
15 silly audit   '@jsonjoy.com/fs-node': [ '4.57.8' ],
15 silly audit   '@jsonjoy.com/fs-node-builtins': [ '4.57.8' ],
15 silly audit   '@jsonjoy.com/fs-node-to-fsa': [ '4.57.8' ],
15 silly audit   '@jsonjoy.com/fs-node-utils': [ '4.57.8' ],
15 silly audit   '@jsonjoy.com/fs-print': [ '4.57.8' ],
15 silly audit   '@jsonjoy.com/fs-snapshot': [ '4.57.8' ],
15 silly audit   '@jsonjoy.com/json-pack': [ '17.67.0', '1.21.0' ],
15 silly audit   '@jsonjoy.com/json-pointer': [ '17.67.0', '1.0.2' ],
15 silly audit   '@jsonjoy.com/util': [ '17.67.0', '1.9.0' ],
15 silly audit   '@leichtgewicht/ip-codec': [ '2.0.5' ],
15 silly audit   '@listr2/prompt-adapter-inquirer': [ '3.0.1' ],
15 silly audit   '@lmdb/lmdb-darwin-arm64': [ '3.4.2' ],
15 silly audit   '@lmdb/lmdb-darwin-x64': [ '3.4.2' ],
15 silly audit   '@lmdb/lmdb-linux-arm': [ '3.4.2' ],
15 silly audit   '@lmdb/lmdb-linux-arm64': [ '3.4.2' ],
15 silly audit   '@lmdb/lmdb-linux-x64': [ '3.4.2' ],
15 silly audit   '@lmdb/lmdb-win32-arm64': [ '3.4.2' ],
15 silly audit   '@lmdb/lmdb-win32-x64': [ '3.4.2' ],
15 silly audit   '@modelcontextprotocol/sdk': [ '1.26.0' ],
15 silly audit   '@msgpackr-extract/msgpackr-extract-darwin-arm64': [ '3.0.4' ],
15 silly audit   '@msgpackr-extract/msgpackr-extract-darwin-x64': [ '3.0.4' ],
15 silly audit   '@msgpackr-extract/msgpackr-extract-linux-arm': [ '3.0.4' ],
15 silly audit   '@msgpackr-extract/msgpackr-extract-linux-arm64': [ '3.0.4' ],
15 silly audit   '@msgpackr-extract/msgpackr-extract-linux-x64': [ '3.0.4' ],
15 silly audit   '@msgpackr-extract/msgpackr-extract-win32-x64': [ '3.0.4' ],
15 silly audit   '@napi-rs/nice': [ '1.1.1' ],
15 silly audit   '@napi-rs/nice-android-arm-eabi': [ '1.1.1' ],
15 silly audit   '@napi-rs/nice-android-arm64': [ '1.1.1' ],
15 silly audit   '@napi-rs/nice-darwin-arm64': [ '1.1.1' ],
15 silly audit   '@napi-rs/nice-darwin-x64': [ '1.1.1' ],
15 silly audit   '@napi-rs/nice-freebsd-x64': [ '1.1.1' ],
15 silly audit   '@napi-rs/nice-linux-arm-gnueabihf': [ '1.1.1' ],
15 silly audit   '@napi-rs/nice-linux-arm64-gnu': [ '1.1.1' ],
15 silly audit   '@napi-rs/nice-linux-arm64-musl': [ '1.1.1' ],
15 silly audit   '@napi-rs/nice-linux-ppc64-gnu': [ '1.1.1' ],
15 silly audit   '@napi-rs/nice-linux-riscv64-gnu': [ '1.1.1' ],
15 silly audit   '@napi-rs/nice-linux-s390x-gnu': [ '1.1.1' ],
15 silly audit   '@napi-rs/nice-linux-x64-gnu': [ '1.1.1' ],
15 silly audit   '@napi-rs/nice-linux-x64-musl': [ '1.1.1' ],
15 silly audit   '@napi-rs/nice-openharmony-arm64': [ '1.1.1' ],
15 silly audit   '@napi-rs/nice-win32-arm64-msvc': [ '1.1.1' ],
15 silly audit   '@napi-rs/nice-win32-ia32-msvc': [ '1.1.1' ],
15 silly audit   '@napi-rs/nice-win32-x64-msvc': [ '1.1.1' ],
15 silly audit   '@ngtools/webpack': [ '20.3.30' ],
15 silly audit   '@noble/hashes': [ '1.4.0' ],
15 silly audit   '@nodelib/fs.scandir': [ '2.1.5' ],
15 silly audit   '@nodelib/fs.stat': [ '2.0.5' ],
15 silly audit   '@nodelib/fs.walk': [ '1.2.8' ],
15 silly audit   '@npmcli/agent': [ '4.0.2' ],
15 silly audit   'lru-cache': [ '11.5.1', '5.1.1' ],
15 silly audit   '@npmcli/fs': [ '5.0.0' ],
15 silly audit   '@npmcli/git': [ '7.0.2' ],
15 silly audit   ini: [ '6.0.0', '5.0.0' ],
15 silly audit   isexe: [ '4.0.0', '2.0.0' ],
15 silly audit   'proc-log': [ '6.1.0', '5.0.0' ],
15 silly audit   which: [ '6.0.1', '1.3.1', '2.0.2' ],
15 silly audit   '@npmcli/installed-package-contents': [ '4.0.0' ],
15 silly audit   '@npmcli/node-gyp': [ '5.0.0' ],
15 silly audit   '@npmcli/package-json': [ '7.0.5' ],
15 silly audit   'balanced-match': [ '4.0.4', '1.0.2' ],
15 silly audit   'brace-expansion': [ '5.0.6', '1.1.15' ],
15 silly audit   glob: [ '13.0.6', '7.2.3' ],
15 silly audit   minimatch: [ '10.2.5', '3.1.5' ],
15 silly audit   '@npmcli/promise-spawn': [ '9.0.1' ],
15 silly audit   '@npmcli/redact': [ '4.0.0' ],
15 silly audit   '@npmcli/run-script': [ '10.0.4' ],
15 silly audit   '@parcel/watcher': [ '2.5.6' ],
15 silly audit   '@parcel/watcher-android-arm64': [ '2.5.6' ],
15 silly audit   '@parcel/watcher-darwin-arm64': [ '2.5.6' ],
15 silly audit   '@parcel/watcher-darwin-x64': [ '2.5.6' ],
15 silly audit   '@parcel/watcher-freebsd-x64': [ '2.5.6' ],
15 silly audit   '@parcel/watcher-linux-arm-glibc': [ '2.5.6' ],
15 silly audit   '@parcel/watcher-linux-arm-musl': [ '2.5.6' ],
15 silly audit   '@parcel/watcher-linux-arm64-glibc': [ '2.5.6' ],
15 silly audit   '@parcel/watcher-linux-arm64-musl': [ '2.5.6' ],
15 silly audit   '@parcel/watcher-linux-x64-glibc': [ '2.5.6' ],
15 silly audit   '@parcel/watcher-linux-x64-musl': [ '2.5.6' ],
15 silly audit   '@parcel/watcher-win32-arm64': [ '2.5.6' ],
15 silly audit   '@parcel/watcher-win32-ia32': [ '2.5.6' ],
15 silly audit   '@parcel/watcher-win32-x64': [ '2.5.6' ],
15 silly audit   'node-addon-api': [ '7.1.1', '6.1.0' ],
15 silly audit   '@peculiar/asn1-cms': [ '2.8.0' ],
15 silly audit   '@peculiar/asn1-csr': [ '2.8.0' ],
15 silly audit   '@peculiar/asn1-ecc': [ '2.8.0' ],
15 silly audit   '@peculiar/asn1-pfx': [ '2.8.0' ],
15 silly audit   '@peculiar/asn1-pkcs8': [ '2.8.0' ],
15 silly audit   '@peculiar/asn1-pkcs9': [ '2.8.0' ],
15 silly audit   '@peculiar/asn1-rsa': [ '2.8.0' ],
15 silly audit   '@peculiar/asn1-schema': [ '2.8.0' ],
15 silly audit   '@peculiar/asn1-x509': [ '2.8.0' ],
15 silly audit   '@peculiar/asn1-x509-attr': [ '2.8.0' ],
15 silly audit   '@peculiar/utils': [ '2.0.3' ],
15 silly audit   '@peculiar/x509': [ '1.14.3' ],
15 silly audit   '@rollup/rollup-android-arm-eabi': [ '4.59.0' ],
15 silly audit   '@rollup/rollup-android-arm64': [ '4.59.0' ],
15 silly audit   '@rollup/rollup-darwin-arm64': [ '4.59.0' ],
15 silly audit   '@rollup/rollup-darwin-x64': [ '4.59.0' ],
15 silly audit   '@rollup/rollup-freebsd-arm64': [ '4.59.0' ],
15 silly audit   '@rollup/rollup-freebsd-x64': [ '4.59.0' ],
15 silly audit   '@rollup/rollup-linux-arm-gnueabihf': [ '4.59.0' ],
15 silly audit   '@rollup/rollup-linux-arm-musleabihf': [ '4.59.0' ],
15 silly audit   '@rollup/rollup-linux-arm64-gnu': [ '4.59.0' ],
15 silly audit   '@rollup/rollup-linux-arm64-musl': [ '4.59.0' ],
15 silly audit   '@rollup/rollup-linux-loong64-gnu': [ '4.59.0' ],
15 silly audit   '@rollup/rollup-linux-loong64-musl': [ '4.59.0' ],
15 silly audit   '@rollup/rollup-linux-ppc64-gnu': [ '4.59.0' ],
15 silly audit   '@rollup/rollup-linux-ppc64-musl': [ '4.59.0' ],
15 silly audit   '@rollup/rollup-linux-riscv64-gnu': [ '4.59.0' ],
15 silly audit   '@rollup/rollup-linux-riscv64-musl': [ '4.59.0' ],
15 silly audit   '@rollup/rollup-linux-s390x-gnu': [ '4.59.0' ],
15 silly audit   '@rollup/rollup-linux-x64-gnu': [ '4.59.0' ],
15 silly audit   '@rollup/rollup-linux-x64-musl': [ '4.59.0' ],
15 silly audit   '@rollup/rollup-openbsd-x64': [ '4.59.0' ],
15 silly audit   '@rollup/rollup-openharmony-arm64': [ '4.59.0' ],
15 silly audit   '@rollup/rollup-win32-arm64-msvc': [ '4.59.0' ],
15 silly audit   '@rollup/rollup-win32-ia32-msvc': [ '4.59.0' ],
15 silly audit   '@rollup/rollup-win32-x64-gnu': [ '4.59.0' ],
15 silly audit   '@rollup/rollup-win32-x64-msvc': [ '4.59.0' ],
15 silly audit   '@schematics/angular': [ '20.3.30' ],
15 silly audit   '@sigstore/bundle': [ '4.0.0' ],
15 silly audit   '@sigstore/core': [ '3.2.1' ],
15 silly audit   '@sigstore/protobuf-specs': [ '0.5.1' ],
15 silly audit   '@sigstore/sign': [ '4.1.1' ],
15 silly audit   '@sigstore/tuf': [ '4.0.2' ],
15 silly audit   '@sigstore/verify': [ '3.1.1' ],
15 silly audit   '@socket.io/component-emitter': [ '3.1.2' ],
15 silly audit   '@tufjs/canonical-json': [ '2.0.0' ],
15 silly audit   '@tufjs/models': [ '4.1.0' ],
15 silly audit   '@types/body-parser': [ '1.19.6' ],
15 silly audit   '@types/bonjour': [ '3.5.13' ],
15 silly audit   '@types/connect': [ '3.4.38' ],
15 silly audit   '@types/connect-history-api-fallback': [ '1.5.4' ],
15 silly audit   '@types/cors': [ '2.8.19' ],
15 silly audit   '@types/eslint': [ '9.6.1' ],
15 silly audit   '@types/eslint-scope': [ '3.7.7' ],
15 silly audit   '@types/estree': [ '1.0.8' ],
15 silly audit   '@types/express': [ '4.17.25' ],
15 silly audit   '@types/express-serve-static-core': [ '4.19.8' ],
15 silly audit   '@types/http-errors': [ '2.0.5' ],
15 silly audit   '@types/http-proxy': [ '1.17.17' ],
15 silly audit   '@types/jasmine': [ '5.1.15' ],
15 silly audit   '@types/json-schema': [ '7.0.15' ],
15 silly audit   '@types/mime': [ '1.3.5' ],
15 silly audit   '@types/node': [ '26.0.0' ],
15 silly audit   '@types/qs': [ '6.15.1' ],
15 silly audit   '@types/range-parser': [ '1.2.7' ],
15 silly audit   '@types/retry': [ '0.12.2' ],
15 silly audit   '@types/send': [ '1.2.1', '0.17.6' ],
15 silly audit   '@types/serve-index': [ '1.9.4' ],
15 silly audit   '@types/serve-static': [ '1.15.10' ],
15 silly audit   '@types/sockjs': [ '0.3.36' ],
15 silly audit   '@types/ws': [ '8.18.1' ],
15 silly audit   '@vitejs/plugin-basic-ssl': [ '2.1.0' ],
15 silly audit   '@webassemblyjs/ast': [ '1.14.1' ],
15 silly audit   '@webassemblyjs/floating-point-hex-parser': [ '1.13.2' ],
15 silly audit   '@webassemblyjs/helper-api-error': [ '1.13.2' ],
15 silly audit   '@webassemblyjs/helper-buffer': [ '1.14.1' ],
15 silly audit   '@webassemblyjs/helper-numbers': [ '1.13.2' ],
15 silly audit   '@webassemblyjs/helper-wasm-bytecode': [ '1.13.2' ],
15 silly audit   '@webassemblyjs/helper-wasm-section': [ '1.14.1' ],
15 silly audit   '@webassemblyjs/ieee754': [ '1.13.2' ],
15 silly audit   '@webassemblyjs/leb128': [ '1.13.2' ],
15 silly audit   '@webassemblyjs/utf8': [ '1.13.2' ],
15 silly audit   '@webassemblyjs/wasm-edit': [ '1.14.1' ],
15 silly audit   '@webassemblyjs/wasm-gen': [ '1.14.1' ],
15 silly audit   '@webassemblyjs/wasm-opt': [ '1.14.1' ],
15 silly audit   '@webassemblyjs/wasm-parser': [ '1.14.1' ],
15 silly audit   '@webassemblyjs/wast-printer': [ '1.14.1' ],
15 silly audit   '@xtuc/ieee754': [ '1.2.0' ],
15 silly audit   '@xtuc/long': [ '4.2.2' ],
15 silly audit   '@yarnpkg/lockfile': [ '1.1.0' ],
15 silly audit   abbrev: [ '4.0.0' ],
15 silly audit   accepts: [ '2.0.0', '1.3.8' ],
15 silly audit   acorn: [ '8.17.0' ],
15 silly audit   'acorn-import-phases': [ '1.0.4' ],
15 silly audit   'adjust-sourcemap-loader': [ '4.0.0' ],
15 silly audit   'loader-utils': [ '2.0.4', '3.3.1' ],
15 silly audit   'agent-base': [ '7.1.4' ],
15 silly audit   ajv: [ '8.18.0' ],
15 silly audit   'ajv-formats': [ '3.0.1', '2.1.1' ],
15 silly audit   'ajv-keywords': [ '5.1.0' ],
15 silly audit   algoliasearch: [ '5.35.0' ],
15 silly audit   'ansi-colors': [ '4.1.3' ],
15 silly audit   'ansi-escapes': [ '7.3.0' ],
15 silly audit   'ansi-html-community': [ '0.0.8' ],
15 silly audit   'ansi-regex': [ '6.2.2', '5.0.1' ],
15 silly audit   'ansi-styles': [ '6.2.3', '4.3.0' ],
15 silly audit   anymatch: [ '3.1.3' ],
15 silly audit   picomatch: [ '2.3.2', '4.0.4' ],
15 silly audit   argparse: [ '2.0.1' ],
15 silly audit   'array-flatten': [ '1.1.1' ],
15 silly audit   asn1js: [ '3.0.10' ],
15 silly audit   autoprefixer: [ '10.4.21' ],
15 silly audit   'babel-loader': [ '10.0.0' ],
15 silly audit   'babel-plugin-polyfill-corejs2': [ '0.4.17' ],
15 silly audit   'babel-plugin-polyfill-corejs3': [ '0.13.0' ],
15 silly audit   'babel-plugin-polyfill-regenerator': [ '0.6.8' ],
15 silly audit   base64id: [ '2.0.0' ],
15 silly audit   'baseline-browser-mapping': [ '2.10.38' ],
15 silly audit   batch: [ '0.6.1' ],
15 silly audit   beasties: [ '0.3.5' ],
15 silly audit   'big.js': [ '5.2.2' ],
15 silly audit   'binary-extensions': [ '2.3.0' ],
15 silly audit   'body-parser': [ '2.3.0', '1.20.5' ],
15 silly audit   'content-type': [ '2.0.0', '1.0.5' ],
15 silly audit   'bonjour-service': [ '1.4.1' ],
15 silly audit   boolbase: [ '1.0.0' ],
15 silly audit   braces: [ '3.0.3' ],
15 silly audit   browserslist: [ '4.28.4' ],
15 silly audit   'buffer-from': [ '1.1.2' ],
15 silly audit   'bundle-name': [ '4.1.0' ],
15 silly audit   bytes: [ '3.1.2' ],
15 silly audit   bytestreamjs: [ '2.0.1' ],
15 silly audit   cacache: [ '20.0.4' ],
15 silly audit   'call-bind-apply-helpers': [ '1.0.2' ],
15 silly audit   'call-bound': [ '1.0.4' ],
15 silly audit   callsites: [ '3.1.0' ],
15 silly audit   'caniuse-lite': [ '1.0.30001799' ],
15 silly audit   chalk: [ '5.6.2' ],
15 silly audit   chardet: [ '2.2.0' ],
15 silly audit   chokidar: [ '4.0.3', '3.6.0' ],
15 silly audit   chownr: [ '3.0.0' ],
15 silly audit   'chrome-trace-event': [ '1.0.4' ],
15 silly audit   'cli-cursor': [ '5.0.0' ],
15 silly audit   'cli-spinners': [ '2.9.2' ],
15 silly audit   'cli-truncate': [ '4.0.0' ],
15 silly audit   'cli-width': [ '4.1.0' ],
15 silly audit   cliui: [ '9.0.1', '7.0.4' ],
15 silly audit   'wrap-ansi': [ '9.0.2', '7.0.0', '6.2.0' ],
15 silly audit   'clone-deep': [ '4.0.1' ],
15 silly audit   'is-plain-object': [ '2.0.4', '5.0.0' ],
15 silly audit   'color-convert': [ '2.0.1' ],
15 silly audit   'color-name': [ '1.1.4' ],
15 silly audit   colorette: [ '2.0.20' ],
15 silly audit   commander: [ '2.20.3' ],
15 silly audit   compressible: [ '2.0.18' ],
15 silly audit   compression: [ '1.8.1' ],
15 silly audit   debug: [ '2.6.9', '4.4.3' ],
15 silly audit   ms: [ '2.0.0', '2.1.3' ],
15 silly audit   negotiator: [ '0.6.4', '0.6.3', '1.0.0' ],
15 silly audit   'concat-map': [ '0.0.1' ],
15 silly audit   connect: [ '3.7.0' ],
15 silly audit   'connect-history-api-fallback': [ '2.0.0' ],
15 silly audit   encodeurl: [ '1.0.2', '2.0.0' ],
15 silly audit   finalhandler: [ '1.1.2', '2.1.1', '1.3.2' ],
15 silly audit   'on-finished': [ '2.3.0', '2.4.1' ],
15 silly audit   statuses: [ '1.5.0', '2.0.2' ],
15 silly audit   'content-disposition': [ '1.1.0', '0.5.4' ],
15 silly audit   cookie: [ '0.7.2' ],
15 silly audit   'cookie-signature': [ '1.2.2', '1.0.7' ],
15 silly audit   'copy-anything': [ '2.0.6' ],
15 silly audit   'copy-webpack-plugin': [ '14.0.0' ],
15 silly audit   'core-js-compat': [ '3.49.0' ],
15 silly audit   'core-util-is': [ '1.0.3' ],
15 silly audit   cors: [ '2.8.6' ],
15 silly audit   cosmiconfig: [ '9.0.2' ],
15 silly audit   'cross-spawn': [ '7.0.6' ],
15 silly audit   'css-loader': [ '7.1.2' ],
15 silly audit   'css-select': [ '6.0.0' ],
15 silly audit   'css-what': [ '7.0.0' ],
15 silly audit   cssesc: [ '3.0.0' ],
15 silly audit   'custom-event': [ '1.0.1' ],
15 silly audit   'date-format': [ '4.0.14' ],
15 silly audit   'default-browser': [ '5.5.0' ],
15 silly audit   'default-browser-id': [ '5.0.1' ],
15 silly audit   'define-lazy-prop': [ '3.0.0' ],
15 silly audit   depd: [ '2.0.0', '1.1.2' ],
15 silly audit   destroy: [ '1.2.0' ],
15 silly audit   'detect-libc': [ '2.1.2' ],
15 silly audit   'detect-node': [ '2.1.0' ],
15 silly audit   di: [ '0.0.1' ],
15 silly audit   'dns-packet': [ '5.6.1' ],
15 silly audit   'dom-serialize': [ '2.2.1' ],
15 silly audit   'dom-serializer': [ '2.0.0' ],
15 silly audit   domelementtype: [ '2.3.0' ],
15 silly audit   domhandler: [ '5.0.3' ],
15 silly audit   domutils: [ '3.2.2' ],
15 silly audit   'dunder-proto': [ '1.0.1' ],
15 silly audit   'ee-first': [ '1.1.1' ],
15 silly audit   'electron-to-chromium': [ '1.5.378' ],
15 silly audit   'emoji-regex': [ '10.6.0', '8.0.0' ],
15 silly audit   'emojis-list': [ '3.0.0' ],
15 silly audit   'engine.io': [ '6.6.9' ],
15 silly audit   'engine.io-parser': [ '5.2.3' ],
15 silly audit   'mime-db': [ '1.52.0', '1.54.0' ],
15 silly audit   'mime-types': [ '2.1.35', '3.0.2' ],
15 silly audit   'enhanced-resolve': [ '5.24.0' ],
15 silly audit   ent: [ '2.2.2' ],
15 silly audit   entities: [ '4.5.0', '7.0.1', '6.0.1', '8.0.0' ],
15 silly audit   'env-paths': [ '2.2.1' ],
15 silly audit   environment: [ '1.1.0' ],
15 silly audit   errno: [ '0.1.8' ],
15 silly audit   'error-ex': [ '1.3.4' ],
15 silly audit   'es-define-property': [ '1.0.1' ],
15 silly audit   'es-errors': [ '1.3.0' ],
15 silly audit   'es-module-lexer': [ '2.1.0' ],
15 silly audit   'es-object-atoms': [ '1.1.2' ],
15 silly audit   esbuild: [ '0.28.1', '0.27.7' ],
15 silly audit   'esbuild-wasm': [ '0.28.1' ],
15 silly audit   escalade: [ '3.2.0' ],
15 silly audit   'escape-html': [ '1.0.3' ],
15 silly audit   'eslint-scope': [ '5.1.1' ],
15 silly audit   esrecurse: [ '4.3.0' ],
15 silly audit   estraverse: [ '5.3.0', '4.3.0' ],
15 silly audit   esutils: [ '2.0.3' ],
15 silly audit   etag: [ '1.8.1' ],
15 silly audit   eventemitter3: [ '4.0.7', '5.0.4' ],
15 silly audit   events: [ '3.3.0' ],
15 silly audit   eventsource: [ '3.0.7' ],
15 silly audit   'eventsource-parser': [ '3.1.0' ],
15 silly audit   'exponential-backoff': [ '3.1.3' ],
15 silly audit   express: [ '5.2.1', '4.22.2' ],
15 silly audit   'express-rate-limit': [ '8.5.2' ],
15 silly audit   extend: [ '3.0.2' ],
15 silly audit   'fast-deep-equal': [ '3.1.3' ],
15 silly audit   'fast-glob': [ '3.3.3' ],
15 silly audit   'glob-parent': [ '5.1.2', '6.0.2' ],
15 silly audit   'fast-uri': [ '3.1.2' ],
15 silly audit   fastq: [ '1.20.1' ],
15 silly audit   'faye-websocket': [ '0.11.4' ],
15 silly audit   fdir: [ '6.5.0' ],
15 silly audit   'fill-range': [ '7.1.1' ],
15 silly audit   'find-up': [ '5.0.0' ],
15 silly audit   flat: [ '5.0.2' ],
15 silly audit   flatted: [ '3.4.2' ],
15 silly audit   'follow-redirects': [ '1.16.0' ],
15 silly audit   forwarded: [ '0.2.0' ],
15 silly audit   'fraction.js': [ '4.3.7' ],
15 silly audit   fresh: [ '2.0.0', '0.5.2' ],
15 silly audit   'fs-extra': [ '8.1.0' ],
15 silly audit   'fs-minipass': [ '3.0.3' ],
15 silly audit   'fs.realpath': [ '1.0.0' ],
15 silly audit   fsevents: [ '2.3.3' ],
15 silly audit   'function-bind': [ '1.1.2' ],
15 silly audit   gensync: [ '1.0.0-beta.2' ],
15 silly audit   'get-caller-file': [ '2.0.5' ],
15 silly audit   'get-east-asian-width': [ '1.6.0' ],
15 silly audit   'get-intrinsic': [ '1.3.0' ],
15 silly audit   'get-proto': [ '1.0.1' ],
15 silly audit   'glob-to-regex.js': [ '1.2.0' ],
15 silly audit   'glob-to-regexp': [ '0.4.1' ],
15 silly audit   gopd: [ '1.2.0' ],
15 silly audit   'graceful-fs': [ '4.2.11' ],
15 silly audit   'handle-thing': [ '2.0.1' ],
15 silly audit   'has-flag': [ '4.0.0' ],
15 silly audit   'has-symbols': [ '1.1.0' ],
15 silly audit   'has-tostringtag': [ '1.0.2' ],
15 silly audit   hasown: [ '2.0.4' ],
15 silly audit   hono: [ '4.12.27' ],
15 silly audit   'hosted-git-info': [ '9.0.3' ],
15 silly audit   'hpack.js': [ '2.1.6' ],
15 silly audit   'readable-stream': [ '2.3.8', '3.6.2' ],
15 silly audit   'safe-buffer': [ '5.1.2', '5.2.1' ],
15 silly audit   string_decoder: [ '1.1.1', '1.3.0' ],
15 silly audit   'html-escaper': [ '2.0.2' ],
15 silly audit   htmlparser2: [ '10.1.0' ],
15 silly audit   'http-cache-semantics': [ '4.2.0' ],
15 silly audit   'http-deceiver': [ '1.2.7' ],
15 silly audit   'http-errors': [ '2.0.1', '1.8.1' ],
15 silly audit   'http-parser-js': [ '0.5.10' ],
15 silly audit   'http-proxy': [ '1.18.1' ],
15 silly audit   'http-proxy-agent': [ '7.0.2' ],
15 silly audit   'http-proxy-middleware': [ '3.0.5', '2.0.10' ],
15 silly audit   'https-proxy-agent': [ '7.0.6' ],
15 silly audit   hyperdyperid: [ '1.2.0' ],
15 silly audit   'iconv-lite': [ '0.7.2', '0.4.24', '0.6.3' ],
15 silly audit   'icss-utils': [ '5.1.0' ],
15 silly audit   'ignore-walk': [ '8.0.0' ],
15 silly audit   'image-size': [ '0.5.5' ],
15 silly audit   immutable: [ '5.1.7' ],
15 silly audit   'import-fresh': [ '3.3.1' ],
15 silly audit   inflight: [ '1.0.6' ],
15 silly audit   inherits: [ '2.0.4' ],
15 silly audit   'ip-address': [ '10.2.0' ],
15 silly audit   'ipaddr.js': [ '1.9.1', '2.4.0' ],
15 silly audit   'is-arrayish': [ '0.2.1' ],
15 silly audit   'is-binary-path': [ '2.1.0' ],
15 silly audit   'is-core-module': [ '2.16.2' ],
15 silly audit   'is-docker': [ '3.0.0' ],
15 silly audit   'is-extglob': [ '2.1.1' ],
15 silly audit   'is-fullwidth-code-point': [ '4.0.0', '3.0.0', '5.1.0' ],
15 silly audit   'is-glob': [ '4.0.3' ],
15 silly audit   'is-inside-container': [ '1.0.0' ],
15 silly audit   'is-interactive': [ '2.0.0' ],
15 silly audit   'is-network-error': [ '1.3.2' ],
15 silly audit   'is-number': [ '7.0.0' ],
15 silly audit   'is-plain-obj': [ '3.0.0' ],
15 silly audit   'is-promise': [ '4.0.0' ],
15 silly audit   'is-regex': [ '1.2.1' ],
15 silly audit   'is-unicode-supported': [ '2.1.0', '1.3.0' ],
15 silly audit   'is-what': [ '3.14.1' ],
15 silly audit   'is-wsl': [ '3.1.1' ],
15 silly audit   isarray: [ '1.0.0' ],
15 silly audit   isbinaryfile: [ '4.0.10' ],
15 silly audit   isobject: [ '3.0.1' ],
15 silly audit   'istanbul-lib-coverage': [ '3.2.2' ],
15 silly audit   'istanbul-lib-instrument': [ '6.0.3', '5.2.1' ],
15 silly audit   'istanbul-lib-report': [ '3.0.1' ],
15 silly audit   'istanbul-lib-source-maps': [ '4.0.1' ],
15 silly audit   'source-map': [ '0.6.1', '0.7.6' ],
15 silly audit   'istanbul-reports': [ '3.2.0' ],
15 silly audit   'jasmine-core': [ '5.2.0', '4.6.1' ],
15 silly audit   'jest-worker': [ '27.5.1' ],
15 silly audit   'supports-color': [ '8.1.1', '7.2.0' ],
15 silly audit   jiti: [ '1.21.7' ],
15 silly audit   jose: [ '6.2.3' ],
15 silly audit   'js-tokens': [ '4.0.0' ],
15 silly audit   'js-yaml': [ '4.2.0' ],
15 silly audit   jsesc: [ '3.1.0' ],
15 silly audit   'json-parse-even-better-errors': [ '5.0.0', '2.3.1' ],
15 silly audit   'json-schema-traverse': [ '1.0.0' ],
15 silly audit   'json-schema-typed': [ '8.0.2' ],
15 silly audit   json5: [ '2.2.3' ],
15 silly audit   'jsonc-parser': [ '3.3.1' ],
15 silly audit   jsonfile: [ '4.0.0' ],
15 silly audit   jsonparse: [ '1.3.1' ],
15 silly audit   karma: [ '6.4.4' ],
15 silly audit   'karma-chrome-launcher': [ '3.2.0' ],
15 silly audit   'karma-coverage': [ '2.2.1' ],
15 silly audit   'karma-jasmine': [ '5.1.0' ],
15 silly audit   'karma-jasmine-html-reporter': [ '2.1.0' ],
15 silly audit   'karma-source-map-support': [ '1.4.0' ],
15 silly audit   'media-typer': [ '0.3.0', '1.1.0' ],
15 silly audit   'raw-body': [ '2.5.3', '3.0.2' ],
15 silly audit   readdirp: [ '3.6.0', '4.1.2' ],
15 silly audit   'string-width': [ '4.2.3', '7.2.0' ],
15 silly audit   'strip-ansi': [ '6.0.1', '7.2.0' ],
15 silly audit   'type-is': [ '1.6.18', '2.1.0' ],
15 silly audit   yargs: [ '16.2.2', '18.0.0' ],
15 silly audit   'yargs-parser': [ '20.2.9', '22.0.0' ],
15 silly audit   'kind-of': [ '6.0.3' ],
15 silly audit   'launch-editor': [ '2.14.1' ],
15 silly audit   less: [ '4.4.0' ],
15 silly audit   'less-loader': [ '12.3.0' ],
15 silly audit   'make-dir': [ '2.1.0', '4.0.0' ],
15 silly audit   mime: [ '1.6.0', '2.6.0' ],
15 silly audit   'license-webpack-plugin': [ '4.0.2' ],
15 silly audit   'lines-and-columns': [ '1.2.4' ],
15 silly audit   listr2: [ '9.0.1' ],
15 silly audit   lmdb: [ '3.4.2' ],
15 silly audit   'loader-runner': [ '4.3.2' ],
15 silly audit   'locate-path': [ '6.0.0' ],
15 silly audit   lodash: [ '4.18.1' ],
15 silly audit   'lodash.debounce': [ '4.0.8' ],
15 silly audit   'log-symbols': [ '6.0.0' ],
15 silly audit   'log-update': [ '6.1.0' ],
15 silly audit   'slice-ansi': [ '7.1.2', '5.0.0' ],
15 silly audit   log4js: [ '6.9.1' ],
15 silly audit   'magic-string': [ '0.30.17' ],
15 silly audit   'make-fetch-happen': [ '15.0.6' ],
15 silly audit   'math-intrinsics': [ '1.1.0' ],
15 silly audit   memfs: [ '4.57.8' ],
15 silly audit   'merge-descriptors': [ '2.0.0', '1.0.3' ],
15 silly audit   'merge-stream': [ '2.0.0' ],
15 silly audit   merge2: [ '1.4.1' ],
15 silly audit   methods: [ '1.1.2' ],
15 silly audit   micromatch: [ '4.0.8' ],
15 silly audit   'mimic-function': [ '5.0.1' ],
15 silly audit   'mini-css-extract-plugin': [ '2.9.4' ],
15 silly audit   'minimalistic-assert': [ '1.0.1' ],
15 silly audit   minimist: [ '1.2.8' ],
15 silly audit   minipass: [ '7.1.3', '3.3.6' ],
15 silly audit   'minipass-collect': [ '2.0.1' ],
15 silly audit   'minipass-fetch': [ '5.0.2' ],
15 silly audit   'minipass-flush': [ '1.0.7' ],
15 silly audit   yallist: [ '4.0.0', '5.0.0', '3.1.1' ],
15 silly audit   'minipass-pipeline': [ '1.2.4' ],
15 silly audit   'minipass-sized': [ '2.0.0' ],
15 silly audit   minizlib: [ '3.1.0' ],
15 silly audit   mkdirp: [ '0.5.6' ],
15 silly audit   mrmime: [ '2.0.1' ],
15 silly audit   msgpackr: [ '1.12.1' ],
15 silly audit   'msgpackr-extract': [ '3.0.4' ],
15 silly audit   'multicast-dns': [ '7.2.5' ],
15 silly audit   'mute-stream': [ '2.0.0' ],
15 silly audit   nanoid: [ '3.3.15' ],
15 silly audit   needle: [ '3.5.0' ],
15 silly audit   'neo-async': [ '2.6.2' ],
15 silly audit   'node-gyp': [ '12.4.0' ],
15 silly audit   'node-gyp-build-optional-packages': [ '5.2.2' ],
15 silly audit   'node-releases': [ '2.0.49' ],
15 silly audit   nopt: [ '9.0.0' ],
15 silly audit   'normalize-path': [ '3.0.0' ],
15 silly audit   'normalize-range': [ '0.1.2' ],
15 silly audit   'npm-bundled': [ '5.0.0' ],
15 silly audit   'npm-install-checks': [ '8.0.0' ],
15 silly audit   'npm-normalize-package-bin': [ '5.0.0' ],
15 silly audit   'npm-package-arg': [ '13.0.0' ],
15 silly audit   'npm-packlist': [ '10.0.4' ],
15 silly audit   'npm-pick-manifest': [ '11.0.3' ],
15 silly audit   'npm-registry-fetch': [ '19.1.1' ],
15 silly audit   'nth-check': [ '2.1.1' ],
15 silly audit   'object-assign': [ '4.1.1' ],
15 silly audit   'object-inspect': [ '1.13.4' ],
15 silly audit   obuf: [ '1.1.2' ],
15 silly audit   'on-headers': [ '1.1.0' ],
15 silly audit   once: [ '1.4.0' ],
15 silly audit   onetime: [ '7.0.0' ],
15 silly audit   open: [ '10.2.0' ],
15 silly audit   ora: [ '8.2.0' ],
15 silly audit   'ordered-binary': [ '1.6.1' ],
15 silly audit   'p-limit': [ '3.1.0' ],
15 silly audit   'p-locate': [ '5.0.0' ],
15 silly audit   'p-map': [ '7.0.4' ],
15 silly audit   'p-retry': [ '6.2.1' ],
15 silly audit   pacote: [ '21.5.1' ],
15 silly audit   'parent-module': [ '1.0.1' ],
15 silly audit   'parse-json': [ '5.2.0' ],
15 silly audit   'parse-node-version': [ '1.0.1' ],
15 silly audit   parse5: [ '8.0.1' ],
15 silly audit   'parse5-html-rewriting-stream': [ '8.0.0' ],
15 silly audit   'parse5-sax-parser': [ '8.0.0' ],
15 silly audit   parseurl: [ '1.3.3' ],
15 silly audit   'path-exists': [ '4.0.0' ],
15 silly audit   'path-is-absolute': [ '1.0.1' ],
15 silly audit   'path-key': [ '3.1.1' ],
15 silly audit   'path-parse': [ '1.0.7' ],
15 silly audit   'path-scurry': [ '2.0.2' ],
15 silly audit   'path-to-regexp': [ '8.4.2', '0.1.13' ],
15 silly audit   picocolors: [ '1.1.1' ],
15 silly audit   pify: [ '4.0.1' ],
15 silly audit   piscina: [ '5.2.0' ],
15 silly audit   'pkce-challenge': [ '5.0.1' ],
15 silly audit   pkijs: [ '3.4.0' ],
15 silly audit   postcss: [ '8.5.12' ],
15 silly audit   'postcss-loader': [ '8.1.1' ],
15 silly audit   'postcss-media-query-parser': [ '0.2.3' ],
15 silly audit   'postcss-modules-extract-imports': [ '3.1.0' ],
15 silly audit   'postcss-modules-local-by-default': [ '4.2.0' ],
15 silly audit   'postcss-modules-scope': [ '3.2.1' ],
15 silly audit   'postcss-modules-values': [ '4.0.0' ],
15 silly audit   'postcss-selector-parser': [ '7.1.4' ],
15 silly audit   'postcss-value-parser': [ '4.2.0' ],
15 silly audit   'process-nextick-args': [ '2.0.1' ],
15 silly audit   'proxy-addr': [ '2.0.7' ],
15 silly audit   prr: [ '1.0.1' ],
15 silly audit   punycode: [ '1.4.1' ],
15 silly audit   pvtsutils: [ '1.3.6' ],
15 silly audit   pvutils: [ '1.1.5' ],
15 silly audit   qjobs: [ '1.2.0' ],
15 silly audit   qs: [ '6.15.2' ],
15 silly audit   'queue-microtask': [ '1.2.3' ],
15 silly audit   'range-parser': [ '1.2.1' ],
15 silly audit   'reflect-metadata': [ '0.2.2' ],
15 silly audit   regenerate: [ '1.4.2' ],
15 silly audit   'regenerate-unicode-properties': [ '10.2.2' ],
15 silly audit   'regex-parser': [ '2.3.1' ],
15 silly audit   'regexpu-core': [ '6.4.0' ],
15 silly audit   regjsgen: [ '0.8.0' ],
15 silly audit   regjsparser: [ '0.13.2' ],
15 silly audit   'require-directory': [ '2.1.1' ],
15 silly audit   'require-from-string': [ '2.0.2' ],
15 silly audit   'requires-port': [ '1.0.0' ],
15 silly audit   'resolve-from': [ '4.0.0' ],
15 silly audit   'resolve-url-loader': [ '5.0.0' ],
15 silly audit   'restore-cursor': [ '5.1.0' ],
15 silly audit   retry: [ '0.13.1' ],
15 silly audit   reusify: [ '1.1.0' ],
15 silly audit   rfdc: [ '1.4.1' ],
15 silly audit   rimraf: [ '3.0.2' ],
15 silly audit   rollup: [ '4.59.0' ],
15 silly audit   router: [ '2.2.0' ],
15 silly audit   'run-applescript': [ '7.1.0' ],
15 silly audit   'run-parallel': [ '1.2.0' ],
15 silly audit   rxjs: [ '7.8.2' ],
15 silly audit   'safe-regex-test': [ '1.1.0' ],
15 silly audit   'safer-buffer': [ '2.1.2' ],
15 silly audit   sass: [ '1.90.0' ],
15 silly audit   'sass-loader': [ '16.0.5' ],
15 silly audit   sax: [ '1.6.0' ],
15 silly audit   'schema-utils': [ '4.3.3' ],
15 silly audit   'select-hose': [ '2.0.0' ],
15 silly audit   selfsigned: [ '5.5.0' ],
15 silly audit   send: [ '1.2.1', '0.19.2' ],
15 silly audit   'serialize-javascript': [ '7.0.6' ],
15 silly audit   'serve-index': [ '1.9.2' ],
15 silly audit   'serve-static': [ '2.2.1', '1.16.3' ],
15 silly audit   setprototypeof: [ '1.2.0' ],
15 silly audit   'shallow-clone': [ '3.0.1' ],
15 silly audit   'shebang-command': [ '2.0.0' ],
15 silly audit   'shebang-regex': [ '3.0.0' ],
15 silly audit   'shell-quote': [ '1.8.4' ],
15 silly audit   'side-channel': [ '1.1.1' ],
15 silly audit   'side-channel-list': [ '1.0.1' ],
15 silly audit   'side-channel-map': [ '1.0.1' ],
15 silly audit   'side-channel-weakmap': [ '1.0.2' ],
15 silly audit   'signal-exit': [ '4.1.0' ],
15 silly audit   sigstore: [ '4.1.1' ],
15 silly audit   'smart-buffer': [ '4.2.0' ],
15 silly audit   'socket.io': [ '4.8.3' ],
15 silly audit   'socket.io-adapter': [ '2.5.8' ],
15 silly audit   'socket.io-parser': [ '4.2.6' ],
15 silly audit   sockjs: [ '0.3.24' ],
15 silly audit   socks: [ '2.8.9' ],
15 silly audit   'socks-proxy-agent': [ '8.0.5' ],
15 silly audit   'source-map-js': [ '1.2.1' ],
15 silly audit   'source-map-loader': [ '5.0.0' ],
15 silly audit   'source-map-support': [ '0.5.21' ],
15 silly audit   'spdx-exceptions': [ '2.5.0' ],
15 silly audit   'spdx-expression-parse': [ '4.0.0' ],
15 silly audit   'spdx-license-ids': [ '3.0.23' ],
15 silly audit   spdy: [ '4.0.2' ],
15 silly audit   'spdy-transport': [ '3.0.0' ],
15 silly audit   ssri: [ '13.0.1' ],
15 silly audit   'stdin-discarder': [ '0.2.2' ],
15 silly audit   streamroller: [ '3.1.5' ],
15 silly audit   'supports-preserve-symlinks-flag': [ '1.0.0' ],
15 silly audit   tapable: [ '2.3.3' ],
15 silly audit   tar: [ '7.5.16' ],
15 silly audit   terser: [ '5.43.1' ],
15 silly audit   'terser-webpack-plugin': [ '5.6.1' ],
15 silly audit   thingies: [ '2.6.0' ],
15 silly audit   thunky: [ '1.1.0' ],
15 silly audit   tinyglobby: [ '0.2.14', '0.2.17' ],
15 silly audit   tmp: [ '0.2.7' ],
15 silly audit   'to-regex-range': [ '5.0.1' ],
15 silly audit   toidentifier: [ '1.0.1' ],
15 silly audit   'tree-dump': [ '1.1.0' ],
15 silly audit   'tree-kill': [ '1.2.2' ],
15 silly audit   tslib: [ '2.8.1', '1.14.1' ],
15 silly audit   tsyringe: [ '4.10.0' ],
15 silly audit   'tuf-js': [ '4.1.0' ],
15 silly audit   'typed-assert': [ '1.0.9' ],
15 silly audit   typescript: [ '5.9.3' ],
15 silly audit   'ua-parser-js': [ '0.7.41' ],
15 silly audit   undici: [ '6.27.0' ],
15 silly audit   'undici-types': [ '8.3.0' ],
15 silly audit   'unicode-canonical-property-names-ecmascript': [ '2.0.1' ],
15 silly audit   'unicode-match-property-ecmascript': [ '2.0.0' ],
15 silly audit   'unicode-match-property-value-ecmascript': [ '2.2.1' ],
15 silly audit   'unicode-property-aliases-ecmascript': [ '2.2.0' ],
15 silly audit   universalify: [ '0.1.2' ],
15 silly audit   unpipe: [ '1.0.0' ],
15 silly audit   'update-browserslist-db': [ '1.2.3' ],
15 silly audit   'util-deprecate': [ '1.0.2' ],
15 silly audit   'utils-merge': [ '1.0.1' ],
15 silly audit   uuid: [ '8.3.2' ],
15 silly audit   'validate-npm-package-name': [ '6.0.2' ],
15 silly audit   vary: [ '1.1.2' ],
15 silly audit   vite: [ '7.3.5' ],
15 silly audit   'void-elements': [ '2.0.1' ],
15 silly audit   watchpack: [ '2.4.4', '2.5.2' ],
15 silly audit   wbuf: [ '1.7.3' ],
15 silly audit   'weak-lru-cache': [ '1.2.2' ],
15 silly audit   webpack: [ '5.105.0' ],
15 silly audit   'webpack-dev-middleware': [ '7.4.2' ],
15 silly audit   'webpack-dev-server': [ '5.2.5' ],
15 silly audit   'webpack-merge': [ '6.0.1' ],
15 silly audit   'webpack-sources': [ '3.5.0' ],
15 silly audit   'webpack-subresource-integrity': [ '5.1.0' ],
15 silly audit   'websocket-driver': [ '0.7.5' ],
15 silly audit   'websocket-extensions': [ '0.1.4' ],
15 silly audit   wildcard: [ '2.0.1' ],
15 silly audit   wrappy: [ '1.0.2' ],
15 silly audit   ws: [ '8.21.0' ],
15 silly audit   'wsl-utils': [ '0.1.0' ],
15 silly audit   y18n: [ '5.0.8' ],
15 silly audit   'yocto-queue': [ '0.1.0' ],
15 silly audit   'yoctocolors-cjs': [ '2.1.3' ],
15 silly audit   zod: [ '4.1.13' ],
15 silly audit   'zod-to-json-schema': [ '3.25.2' ],
15 silly audit   'zone.js': [ '0.15.1' ]
15 silly audit }
16 verbose reify failed optional dependency D:\ESPRIT\4eme\Stage_Ingénieur_ete\Projet1_CatalaogueIndustrialisation\DEV\FrontendAngular\industrialisationprojet_frontend\node_modules\fsevents
17 silly reify mark deleted [
17 silly reify   'D:\\ESPRIT\\4eme\\Stage_Ingénieur_ete\\Projet1_CatalaogueIndustrialisation\\DEV\\FrontendAngular\\industrialisationprojet_frontend\\node_modules\\fsevents'
17 silly reify ]
18 verbose reify failed optional dependency D:\ESPRIT\4eme\Stage_Ingénieur_ete\Projet1_CatalaogueIndustrialisation\DEV\FrontendAngular\industrialisationprojet_frontend\node_modules\@rollup\rollup-win32-ia32-msvc
19 silly reify mark deleted [
19 silly reify   'D:\\ESPRIT\\4eme\\Stage_Ingénieur_ete\\Projet1_CatalaogueIndustrialisation\\DEV\\FrontendAngular\\industrialisationprojet_frontend\\node_modules\\@rollup\\rollup-win32-ia32-msvc'
19 silly reify ]
20 verbose reify failed optional dependency D:\ESPRIT\4eme\Stage_Ingénieur_ete\Projet1_CatalaogueIndustrialisation\DEV\FrontendAngular\industrialisationprojet_frontend\node_modules\@rollup\rollup-win32-arm64-msvc
21 silly reify mark deleted [
21 silly reify   'D:\\ESPRIT\\4eme\\Stage_Ingénieur_ete\\Projet1_CatalaogueIndustrialisation\\DEV\\FrontendAngular\\industrialisationprojet_frontend\\node_modules\\@rollup\\rollup-win32-arm64-msvc'
21 silly reify ]
22 verbose reify failed optional dependency D:\ESPRIT\4eme\Stage_Ingénieur_ete\Projet1_CatalaogueIndustrialisation\DEV\FrontendAngular\industrialisationprojet_frontend\node_modules\@rollup\rollup-openharmony-arm64
23 silly reify mark deleted [
23 silly reify   'D:\\ESPRIT\\4eme\\Stage_Ingénieur_ete\\Projet1_CatalaogueIndustrialisation\\DEV\\FrontendAngular\\industrialisationprojet_frontend\\node_modules\\@rollup\\rollup-openharmony-arm64'
23 silly reify ]
24 verbose reify failed optional dependency D:\ESPRIT\4eme\Stage_Ingénieur_ete\Projet1_CatalaogueIndustrialisation\DEV\FrontendAngular\industrialisationprojet_frontend\node_modules\@rollup\rollup-openbsd-x64
25 silly reify mark deleted [
25 silly reify   'D:\\ESPRIT\\4eme\\Stage_Ingénieur_ete\\Projet1_CatalaogueIndustrialisation\\DEV\\FrontendAngular\\industrialisationprojet_frontend\\node_modules\\@rollup\\rollup-openbsd-x64'
25 silly reify ]
26 verbose reify failed optional dependency D:\ESPRIT\4eme\Stage_Ingénieur_ete\Projet1_CatalaogueIndustrialisation\DEV\FrontendAngular\industrialisationprojet_frontend\node_modules\@rollup\rollup-linux-x64-musl
27 silly reify mark deleted [
27 silly reify   'D:\\ESPRIT\\4eme\\Stage_Ingénieur_ete\\Projet1_CatalaogueIndustrialisation\\DEV\\FrontendAngular\\industrialisationprojet_frontend\\node_modules\\@rollup\\rollup-linux-x64-musl'
27 silly reify ]
28 verbose reify failed optional dependency D:\ESPRIT\4eme\Stage_Ingénieur_ete\Projet1_CatalaogueIndustrialisation\DEV\FrontendAngular\industrialisationprojet_frontend\node_modules\@rollup\rollup-linux-x64-gnu
29 silly reify mark deleted [
29 silly reify   'D:\\ESPRIT\\4eme\\Stage_Ingénieur_ete\\Projet1_CatalaogueIndustrialisation\\DEV\\FrontendAngular\\industrialisationprojet_frontend\\node_modules\\@rollup\\rollup-linux-x64-gnu'
29 silly reify ]
30 verbose reify failed optional dependency D:\ESPRIT\4eme\Stage_Ingénieur_ete\Projet1_CatalaogueIndustrialisation\DEV\FrontendAngular\industrialisationprojet_frontend\node_modules\@rollup\rollup-linux-s390x-gnu
31 silly reify mark deleted [
31 silly reify   'D:\\ESPRIT\\4eme\\Stage_Ingénieur_ete\\Projet1_CatalaogueIndustrialisation\\DEV\\FrontendAngular\\industrialisationprojet_frontend\\node_modules\\@rollup\\rollup-linux-s390x-gnu'
31 silly reify ]
32 verbose reify failed optional dependency D:\ESPRIT\4eme\Stage_Ingénieur_ete\Projet1_CatalaogueIndustrialisation\DEV\FrontendAngular\industrialisationprojet_frontend\node_modules\@rollup\rollup-linux-riscv64-musl
33 silly reify mark deleted [
33 silly reify   'D:\\ESPRIT\\4eme\\Stage_Ingénieur_ete\\Projet1_CatalaogueIndustrialisation\\DEV\\FrontendAngular\\industrialisationprojet_frontend\\node_modules\\@rollup\\rollup-linux-riscv64-musl'
33 silly reify ]
34 verbose reify failed optional dependency D:\ESPRIT\4eme\Stage_Ingénieur_ete\Projet1_CatalaogueIndustrialisation\DEV\FrontendAngular\industrialisationprojet_frontend\node_modules\@rollup\rollup-linux-riscv64-gnu
35 silly reify mark deleted [
35 silly reify   'D:\\ESPRIT\\4eme\\Stage_Ingénieur_ete\\Projet1_CatalaogueIndustrialisation\\DEV\\FrontendAngular\\industrialisationprojet_frontend\\node_modules\\@rollup\\rollup-linux-riscv64-gnu'
35 silly reify ]
36 verbose reify failed optional dependency D:\ESPRIT\4eme\Stage_Ingénieur_ete\Projet1_CatalaogueIndustrialisation\DEV\FrontendAngular\industrialisationprojet_frontend\node_modules\@rollup\rollup-linux-ppc64-musl
37 silly reify mark deleted [
37 silly reify   'D:\\ESPRIT\\4eme\\Stage_Ingénieur_ete\\Projet1_CatalaogueIndustrialisation\\DEV\\FrontendAngular\\industrialisationprojet_frontend\\node_modules\\@rollup\\rollup-linux-ppc64-musl'
37 silly reify ]
38 verbose reify failed optional dependency D:\ESPRIT\4eme\Stage_Ingénieur_ete\Projet1_CatalaogueIndustrialisation\DEV\FrontendAngular\industrialisationprojet_frontend\node_modules\@rollup\rollup-linux-ppc64-gnu
39 silly reify mark deleted [
39 silly reify   'D:\\ESPRIT\\4eme\\Stage_Ingénieur_ete\\Projet1_CatalaogueIndustrialisation\\DEV\\FrontendAngular\\industrialisationprojet_frontend\\node_modules\\@rollup\\rollup-linux-ppc64-gnu'
39 silly reify ]
40 verbose reify failed optional dependency D:\ESPRIT\4eme\Stage_Ingénieur_ete\Projet1_CatalaogueIndustrialisation\DEV\FrontendAngular\industrialisationprojet_frontend\node_modules\@rollup\rollup-linux-loong64-musl
41 silly reify mark deleted [
41 silly reify   'D:\\ESPRIT\\4eme\\Stage_Ingénieur_ete\\Projet1_CatalaogueIndustrialisation\\DEV\\FrontendAngular\\industrialisationprojet_frontend\\node_modules\\@rollup\\rollup-linux-loong64-musl'
41 silly reify ]
42 verbose reify failed optional dependency D:\ESPRIT\4eme\Stage_Ingénieur_ete\Projet1_CatalaogueIndustrialisation\DEV\FrontendAngular\industrialisationprojet_frontend\node_modules\@rollup\rollup-linux-loong64-gnu
43 silly reify mark deleted [
43 silly reify   'D:\\ESPRIT\\4eme\\Stage_Ingénieur_ete\\Projet1_CatalaogueIndustrialisation\\DEV\\FrontendAngular\\industrialisationprojet_frontend\\node_modules\\@rollup\\rollup-linux-loong64-gnu'
43 silly reify ]
44 verbose reify failed optional dependency D:\ESPRIT\4eme\Stage_Ingénieur_ete\Projet1_CatalaogueIndustrialisation\DEV\FrontendAngular\industrialisationprojet_frontend\node_modules\@rollup\rollup-linux-arm64-musl
45 silly reify mark deleted [
45 silly reify   'D:\\ESPRIT\\4eme\\Stage_Ingénieur_ete\\Projet1_CatalaogueIndustrialisation\\DEV\\FrontendAngular\\industrialisationprojet_frontend\\node_modules\\@rollup\\rollup-linux-arm64-musl'
45 silly reify ]
46 verbose reify failed optional dependency D:\ESPRIT\4eme\Stage_Ingénieur_ete\Projet1_CatalaogueIndustrialisation\DEV\FrontendAngular\industrialisationprojet_frontend\node_modules\@rollup\rollup-linux-arm64-gnu
47 silly reify mark deleted [
47 silly reify   'D:\\ESPRIT\\4eme\\Stage_Ingénieur_ete\\Projet1_CatalaogueIndustrialisation\\DEV\\FrontendAngular\\industrialisationprojet_frontend\\node_modules\\@rollup\\rollup-linux-arm64-gnu'
47 silly reify ]
48 verbose reify failed optional dependency D:\ESPRIT\4eme\Stage_Ingénieur_ete\Projet1_CatalaogueIndustrialisation\DEV\FrontendAngular\industrialisationprojet_frontend\node_modules\@rollup\rollup-linux-arm-musleabihf
49 silly reify mark deleted [
49 silly reify   'D:\\ESPRIT\\4eme\\Stage_Ingénieur_ete\\Projet1_CatalaogueIndustrialisation\\DEV\\FrontendAngular\\industrialisationprojet_frontend\\node_modules\\@rollup\\rollup-linux-arm-musleabihf'
49 silly reify ]
50 verbose reify failed optional dependency D:\ESPRIT\4eme\Stage_Ingénieur_ete\Projet1_CatalaogueIndustrialisation\DEV\FrontendAngular\industrialisationprojet_frontend\node_modules\@rollup\rollup-linux-arm-gnueabihf
51 silly reify mark deleted [
51 silly reify   'D:\\ESPRIT\\4eme\\Stage_Ingénieur_ete\\Projet1_CatalaogueIndustrialisation\\DEV\\FrontendAngular\\industrialisationprojet_frontend\\node_modules\\@rollup\\rollup-linux-arm-gnueabihf'
51 silly reify ]
52 verbose reify failed optional dependency D:\ESPRIT\4eme\Stage_Ingénieur_ete\Projet1_CatalaogueIndustrialisation\DEV\FrontendAngular\industrialisationprojet_frontend\node_modules\@rollup\rollup-freebsd-x64
53 silly reify mark deleted [
53 silly reify   'D:\\ESPRIT\\4eme\\Stage_Ingénieur_ete\\Projet1_CatalaogueIndustrialisation\\DEV\\FrontendAngular\\industrialisationprojet_frontend\\node_modules\\@rollup\\rollup-freebsd-x64'
53 silly reify ]
54 verbose reify failed optional dependency D:\ESPRIT\4eme\Stage_Ingénieur_ete\Projet1_CatalaogueIndustrialisation\DEV\FrontendAngular\industrialisationprojet_frontend\node_modules\@rollup\rollup-freebsd-arm64
55 silly reify mark deleted [
55 silly reify   'D:\\ESPRIT\\4eme\\Stage_Ingénieur_ete\\Projet1_CatalaogueIndustrialisation\\DEV\\FrontendAngular\\industrialisationprojet_frontend\\node_modules\\@rollup\\rollup-freebsd-arm64'
55 silly reify ]
56 verbose reify failed optional dependency D:\ESPRIT\4eme\Stage_Ingénieur_ete\Projet1_CatalaogueIndustrialisation\DEV\FrontendAngular\industrialisationprojet_frontend\node_modules\@rollup\rollup-darwin-x64
57 silly reify mark deleted [
57 silly reify   'D:\\ESPRIT\\4eme\\Stage_Ingénieur_ete\\Projet1_CatalaogueIndustrialisation\\DEV\\FrontendAngular\\industrialisationprojet_frontend\\node_modules\\@rollup\\rollup-darwin-x64'
57 silly reify ]
58 verbose reify failed optional dependency D:\ESPRIT\4eme\Stage_Ingénieur_ete\Projet1_CatalaogueIndustrialisation\DEV\FrontendAngular\industrialisationprojet_frontend\node_modules\@rollup\rollup-darwin-arm64
59 silly reify mark deleted [
59 silly reify   'D:\\ESPRIT\\4eme\\Stage_Ingénieur_ete\\Projet1_CatalaogueIndustrialisation\\DEV\\FrontendAngular\\industrialisationprojet_frontend\\node_modules\\@rollup\\rollup-darwin-arm64'
59 silly reify ]
60 verbose reify failed optional dependency D:\ESPRIT\4eme\Stage_Ingénieur_ete\Projet1_CatalaogueIndustrialisation\DEV\FrontendAngular\industrialisationprojet_frontend\node_modules\@rollup\rollup-android-arm64
61 silly reify mark deleted [
61 silly reify   'D:\\ESPRIT\\4eme\\Stage_Ingénieur_ete\\Projet1_CatalaogueIndustrialisation\\DEV\\FrontendAngular\\industrialisationprojet_frontend\\node_modules\\@rollup\\rollup-android-arm64'
61 silly reify ]
62 verbose reify failed optional dependency D:\ESPRIT\4eme\Stage_Ingénieur_ete\Projet1_CatalaogueIndustrialisation\DEV\FrontendAngular\industrialisationprojet_frontend\node_modules\@rollup\rollup-android-arm-eabi
63 silly reify mark deleted [
63 silly reify   'D:\\ESPRIT\\4eme\\Stage_Ingénieur_ete\\Projet1_CatalaogueIndustrialisation\\DEV\\FrontendAngular\\industrialisationprojet_frontend\\node_modules\\@rollup\\rollup-android-arm-eabi'
63 silly reify ]
64 verbose reify failed optional dependency D:\ESPRIT\4eme\Stage_Ingénieur_ete\Projet1_CatalaogueIndustrialisation\DEV\FrontendAngular\industrialisationprojet_frontend\node_modules\@parcel\watcher-win32-ia32
65 silly reify mark deleted [
65 silly reify   'D:\\ESPRIT\\4eme\\Stage_Ingénieur_ete\\Projet1_CatalaogueIndustrialisation\\DEV\\FrontendAngular\\industrialisationprojet_frontend\\node_modules\\@parcel\\watcher-win32-ia32'
65 silly reify ]
66 verbose reify failed optional dependency D:\ESPRIT\4eme\Stage_Ingénieur_ete\Projet1_CatalaogueIndustrialisation\DEV\FrontendAngular\industrialisationprojet_frontend\node_modules\@parcel\watcher-win32-arm64
67 silly reify mark deleted [
67 silly reify   'D:\\ESPRIT\\4eme\\Stage_Ingénieur_ete\\Projet1_CatalaogueIndustrialisation\\DEV\\FrontendAngular\\industrialisationprojet_frontend\\node_modules\\@parcel\\watcher-win32-arm64'
67 silly reify ]
68 verbose reify failed optional dependency D:\ESPRIT\4eme\Stage_Ingénieur_ete\Projet1_CatalaogueIndustrialisation\DEV\FrontendAngular\industrialisationprojet_frontend\node_modules\@parcel\watcher-linux-x64-musl
69 silly reify mark deleted [
69 silly reify   'D:\\ESPRIT\\4eme\\Stage_Ingénieur_ete\\Projet1_CatalaogueIndustrialisation\\DEV\\FrontendAngular\\industrialisationprojet_frontend\\node_modules\\@parcel\\watcher-linux-x64-musl'
69 silly reify ]
70 verbose reify failed optional dependency D:\ESPRIT\4eme\Stage_Ingénieur_ete\Projet1_CatalaogueIndustrialisation\DEV\FrontendAngular\industrialisationprojet_frontend\node_modules\@parcel\watcher-linux-x64-glibc
71 silly reify mark deleted [
71 silly reify   'D:\\ESPRIT\\4eme\\Stage_Ingénieur_ete\\Projet1_CatalaogueIndustrialisation\\DEV\\FrontendAngular\\industrialisationprojet_frontend\\node_modules\\@parcel\\watcher-linux-x64-glibc'
71 silly reify ]
72 verbose reify failed optional dependency D:\ESPRIT\4eme\Stage_Ingénieur_ete\Projet1_CatalaogueIndustrialisation\DEV\FrontendAngular\industrialisationprojet_frontend\node_modules\@parcel\watcher-linux-arm64-musl
73 silly reify mark deleted [
73 silly reify   'D:\\ESPRIT\\4eme\\Stage_Ingénieur_ete\\Projet1_CatalaogueIndustrialisation\\DEV\\FrontendAngular\\industrialisationprojet_frontend\\node_modules\\@parcel\\watcher-linux-arm64-musl'
73 silly reify ]
74 verbose reify failed optional dependency D:\ESPRIT\4eme\Stage_Ingénieur_ete\Projet1_CatalaogueIndustrialisation\DEV\FrontendAngular\industrialisationprojet_frontend\node_modules\@parcel\watcher-linux-arm64-glibc
75 silly reify mark deleted [
75 silly reify   'D:\\ESPRIT\\4eme\\Stage_Ingénieur_ete\\Projet1_CatalaogueIndustrialisation\\DEV\\FrontendAngular\\industrialisationprojet_frontend\\node_modules\\@parcel\\watcher-linux-arm64-glibc'
75 silly reify ]
76 verbose reify failed optional dependency D:\ESPRIT\4eme\Stage_Ingénieur_ete\Projet1_CatalaogueIndustrialisation\DEV\FrontendAngular\industrialisationprojet_frontend\node_modules\@parcel\watcher-linux-arm-musl
77 silly reify mark deleted [
77 silly reify   'D:\\ESPRIT\\4eme\\Stage_Ingénieur_ete\\Projet1_CatalaogueIndustrialisation\\DEV\\FrontendAngular\\industrialisationprojet_frontend\\node_modules\\@parcel\\watcher-linux-arm-musl'
77 silly reify ]
78 verbose reify failed optional dependency D:\ESPRIT\4eme\Stage_Ingénieur_ete\Projet1_CatalaogueIndustrialisation\DEV\FrontendAngular\industrialisationprojet_frontend\node_modules\@parcel\watcher-linux-arm-glibc
79 silly reify mark deleted [
79 silly reify   'D:\\ESPRIT\\4eme\\Stage_Ingénieur_ete\\Projet1_CatalaogueIndustrialisation\\DEV\\FrontendAngular\\industrialisationprojet_frontend\\node_modules\\@parcel\\watcher-linux-arm-glibc'
79 silly reify ]
80 verbose reify failed optional dependency D:\ESPRIT\4eme\Stage_Ingénieur_ete\Projet1_CatalaogueIndustrialisation\DEV\FrontendAngular\industrialisationprojet_frontend\node_modules\@parcel\watcher-freebsd-x64
81 silly reify mark deleted [
81 silly reify   'D:\\ESPRIT\\4eme\\Stage_Ingénieur_ete\\Projet1_CatalaogueIndustrialisation\\DEV\\FrontendAngular\\industrialisationprojet_frontend\\node_modules\\@parcel\\watcher-freebsd-x64'
81 silly reify ]
82 verbose reify failed optional dependency D:\ESPRIT\4eme\Stage_Ingénieur_ete\Projet1_CatalaogueIndustrialisation\DEV\FrontendAngular\industrialisationprojet_frontend\node_modules\@parcel\watcher-darwin-x64
83 silly reify mark deleted [
83 silly reify   'D:\\ESPRIT\\4eme\\Stage_Ingénieur_ete\\Projet1_CatalaogueIndustrialisation\\DEV\\FrontendAngular\\industrialisationprojet_frontend\\node_modules\\@parcel\\watcher-darwin-x64'
83 silly reify ]
84 verbose reify failed optional dependency D:\ESPRIT\4eme\Stage_Ingénieur_ete\Projet1_CatalaogueIndustrialisation\DEV\FrontendAngular\industrialisationprojet_frontend\node_modules\@parcel\watcher-darwin-arm64
85 silly reify mark deleted [
85 silly reify   'D:\\ESPRIT\\4eme\\Stage_Ingénieur_ete\\Projet1_CatalaogueIndustrialisation\\DEV\\FrontendAngular\\industrialisationprojet_frontend\\node_modules\\@parcel\\watcher-darwin-arm64'
85 silly reify ]
86 verbose reify failed optional dependency D:\ESPRIT\4eme\Stage_Ingénieur_ete\Projet1_CatalaogueIndustrialisation\DEV\FrontendAngular\industrialisationprojet_frontend\node_modules\@parcel\watcher-android-arm64
87 silly reify mark deleted [
87 silly reify   'D:\\ESPRIT\\4eme\\Stage_Ingénieur_ete\\Projet1_CatalaogueIndustrialisation\\DEV\\FrontendAngular\\industrialisationprojet_frontend\\node_modules\\@parcel\\watcher-android-arm64'
87 silly reify ]
88 verbose reify failed optional dependency D:\ESPRIT\4eme\Stage_Ingénieur_ete\Projet1_CatalaogueIndustrialisation\DEV\FrontendAngular\industrialisationprojet_frontend\node_modules\@napi-rs\nice-win32-ia32-msvc
89 silly reify mark deleted [
89 silly reify   'D:\\ESPRIT\\4eme\\Stage_Ingénieur_ete\\Projet1_CatalaogueIndustrialisation\\DEV\\FrontendAngular\\industrialisationprojet_frontend\\node_modules\\@napi-rs\\nice-win32-ia32-msvc'
89 silly reify ]
90 verbose reify failed optional dependency D:\ESPRIT\4eme\Stage_Ingénieur_ete\Projet1_CatalaogueIndustrialisation\DEV\FrontendAngular\industrialisationprojet_frontend\node_modules\@napi-rs\nice-win32-arm64-msvc
91 silly reify mark deleted [
91 silly reify   'D:\\ESPRIT\\4eme\\Stage_Ingénieur_ete\\Projet1_CatalaogueIndustrialisation\\DEV\\FrontendAngular\\industrialisationprojet_frontend\\node_modules\\@napi-rs\\nice-win32-arm64-msvc'
91 silly reify ]
92 verbose reify failed optional dependency D:\ESPRIT\4eme\Stage_Ingénieur_ete\Projet1_CatalaogueIndustrialisation\DEV\FrontendAngular\industrialisationprojet_frontend\node_modules\@napi-rs\nice-openharmony-arm64
93 silly reify mark deleted [
93 silly reify   'D:\\ESPRIT\\4eme\\Stage_Ingénieur_ete\\Projet1_CatalaogueIndustrialisation\\DEV\\FrontendAngular\\industrialisationprojet_frontend\\node_modules\\@napi-rs\\nice-openharmony-arm64'
93 silly reify ]
94 verbose reify failed optional dependency D:\ESPRIT\4eme\Stage_Ingénieur_ete\Projet1_CatalaogueIndustrialisation\DEV\FrontendAngular\industrialisationprojet_frontend\node_modules\@napi-rs\nice-linux-x64-musl
95 silly reify mark deleted [
95 silly reify   'D:\\ESPRIT\\4eme\\Stage_Ingénieur_ete\\Projet1_CatalaogueIndustrialisation\\DEV\\FrontendAngular\\industrialisationprojet_frontend\\node_modules\\@napi-rs\\nice-linux-x64-musl'
95 silly reify ]
96 verbose reify failed optional dependency D:\ESPRIT\4eme\Stage_Ingénieur_ete\Projet1_CatalaogueIndustrialisation\DEV\FrontendAngular\industrialisationprojet_frontend\node_modules\@napi-rs\nice-linux-x64-gnu
97 silly reify mark deleted [
97 silly reify   'D:\\ESPRIT\\4eme\\Stage_Ingénieur_ete\\Projet1_CatalaogueIndustrialisation\\DEV\\FrontendAngular\\industrialisationprojet_frontend\\node_modules\\@napi-rs\\nice-linux-x64-gnu'
97 silly reify ]
98 verbose reify failed optional dependency D:\ESPRIT\4eme\Stage_Ingénieur_ete\Projet1_CatalaogueIndustrialisation\DEV\FrontendAngular\industrialisationprojet_frontend\node_modules\@napi-rs\nice-linux-s390x-gnu
99 silly reify mark deleted [
99 silly reify   'D:\\ESPRIT\\4eme\\Stage_Ingénieur_ete\\Projet1_CatalaogueIndustrialisation\\DEV\\FrontendAngular\\industrialisationprojet_frontend\\node_modules\\@napi-rs\\nice-linux-s390x-gnu'
99 silly reify ]
100 verbose reify failed optional dependency D:\ESPRIT\4eme\Stage_Ingénieur_ete\Projet1_CatalaogueIndustrialisation\DEV\FrontendAngular\industrialisationprojet_frontend\node_modules\@napi-rs\nice-linux-riscv64-gnu
101 silly reify mark deleted [
101 silly reify   'D:\\ESPRIT\\4eme\\Stage_Ingénieur_ete\\Projet1_CatalaogueIndustrialisation\\DEV\\FrontendAngular\\industrialisationprojet_frontend\\node_modules\\@napi-rs\\nice-linux-riscv64-gnu'
101 silly reify ]
102 verbose reify failed optional dependency D:\ESPRIT\4eme\Stage_Ingénieur_ete\Projet1_CatalaogueIndustrialisation\DEV\FrontendAngular\industrialisationprojet_frontend\node_modules\@napi-rs\nice-linux-ppc64-gnu
103 silly reify mark deleted [
103 silly reify   'D:\\ESPRIT\\4eme\\Stage_Ingénieur_ete\\Projet1_CatalaogueIndustrialisation\\DEV\\FrontendAngular\\industrialisationprojet_frontend\\node_modules\\@napi-rs\\nice-linux-ppc64-gnu'
103 silly reify ]
104 verbose reify failed optional dependency D:\ESPRIT\4eme\Stage_Ingénieur_ete\Projet1_CatalaogueIndustrialisation\DEV\FrontendAngular\industrialisationprojet_frontend\node_modules\@napi-rs\nice-linux-arm64-musl
105 silly reify mark deleted [
105 silly reify   'D:\\ESPRIT\\4eme\\Stage_Ingénieur_ete\\Projet1_CatalaogueIndustrialisation\\DEV\\FrontendAngular\\industrialisationprojet_frontend\\node_modules\\@napi-rs\\nice-linux-arm64-musl'
105 silly reify ]
106 verbose reify failed optional dependency D:\ESPRIT\4eme\Stage_Ingénieur_ete\Projet1_CatalaogueIndustrialisation\DEV\FrontendAngular\industrialisationprojet_frontend\node_modules\@napi-rs\nice-linux-arm64-gnu
107 silly reify mark deleted [
107 silly reify   'D:\\ESPRIT\\4eme\\Stage_Ingénieur_ete\\Projet1_CatalaogueIndustrialisation\\DEV\\FrontendAngular\\industrialisationprojet_frontend\\node_modules\\@napi-rs\\nice-linux-arm64-gnu'
107 silly reify ]
108 verbose reify failed optional dependency D:\ESPRIT\4eme\Stage_Ingénieur_ete\Projet1_CatalaogueIndustrialisation\DEV\FrontendAngular\industrialisationprojet_frontend\node_modules\@napi-rs\nice-linux-arm-gnueabihf
109 silly reify mark deleted [
109 silly reify   'D:\\ESPRIT\\4eme\\Stage_Ingénieur_ete\\Projet1_CatalaogueIndustrialisation\\DEV\\FrontendAngular\\industrialisationprojet_frontend\\node_modules\\@napi-rs\\nice-linux-arm-gnueabihf'
109 silly reify ]
110 verbose reify failed optional dependency D:\ESPRIT\4eme\Stage_Ingénieur_ete\Projet1_CatalaogueIndustrialisation\DEV\FrontendAngular\industrialisationprojet_frontend\node_modules\@napi-rs\nice-freebsd-x64
111 silly reify mark deleted [
111 silly reify   'D:\\ESPRIT\\4eme\\Stage_Ingénieur_ete\\Projet1_CatalaogueIndustrialisation\\DEV\\FrontendAngular\\industrialisationprojet_frontend\\node_modules\\@napi-rs\\nice-freebsd-x64'
111 silly reify ]
112 verbose reify failed optional dependency D:\ESPRIT\4eme\Stage_Ingénieur_ete\Projet1_CatalaogueIndustrialisation\DEV\FrontendAngular\industrialisationprojet_frontend\node_modules\@napi-rs\nice-darwin-x64
113 silly reify mark deleted [
113 silly reify   'D:\\ESPRIT\\4eme\\Stage_Ingénieur_ete\\Projet1_CatalaogueIndustrialisation\\DEV\\FrontendAngular\\industrialisationprojet_frontend\\node_modules\\@napi-rs\\nice-darwin-x64'
113 silly reify ]
114 verbose reify failed optional dependency D:\ESPRIT\4eme\Stage_Ingénieur_ete\Projet1_CatalaogueIndustrialisation\DEV\FrontendAngular\industrialisationprojet_frontend\node_modules\@napi-rs\nice-darwin-arm64
115 silly reify mark deleted [
115 silly reify   'D:\\ESPRIT\\4eme\\Stage_Ingénieur_ete\\Projet1_CatalaogueIndustrialisation\\DEV\\FrontendAngular\\industrialisationprojet_frontend\\node_modules\\@napi-rs\\nice-darwin-arm64'
115 silly reify ]
116 verbose reify failed optional dependency D:\ESPRIT\4eme\Stage_Ingénieur_ete\Projet1_CatalaogueIndustrialisation\DEV\FrontendAngular\industrialisationprojet_frontend\node_modules\@napi-rs\nice-android-arm64
117 silly reify mark deleted [
117 silly reify   'D:\\ESPRIT\\4eme\\Stage_Ingénieur_ete\\Projet1_CatalaogueIndustrialisation\\DEV\\FrontendAngular\\industrialisationprojet_frontend\\node_modules\\@napi-rs\\nice-android-arm64'
117 silly reify ]
118 verbose reify failed optional dependency D:\ESPRIT\4eme\Stage_Ingénieur_ete\Projet1_CatalaogueIndustrialisation\DEV\FrontendAngular\industrialisationprojet_frontend\node_modules\@napi-rs\nice-android-arm-eabi
119 silly reify mark deleted [
119 silly reify   'D:\\ESPRIT\\4eme\\Stage_Ingénieur_ete\\Projet1_CatalaogueIndustrialisation\\DEV\\FrontendAngular\\industrialisationprojet_frontend\\node_modules\\@napi-rs\\nice-android-arm-eabi'
119 silly reify ]
120 verbose reify failed optional dependency D:\ESPRIT\4eme\Stage_Ingénieur_ete\Projet1_CatalaogueIndustrialisation\DEV\FrontendAngular\industrialisationprojet_frontend\node_modules\@msgpackr-extract\msgpackr-extract-linux-x64
121 silly reify mark deleted [
121 silly reify   'D:\\ESPRIT\\4eme\\Stage_Ingénieur_ete\\Projet1_CatalaogueIndustrialisation\\DEV\\FrontendAngular\\industrialisationprojet_frontend\\node_modules\\@msgpackr-extract\\msgpackr-extract-linux-x64'
121 silly reify ]
122 verbose reify failed optional dependency D:\ESPRIT\4eme\Stage_Ingénieur_ete\Projet1_CatalaogueIndustrialisation\DEV\FrontendAngular\industrialisationprojet_frontend\node_modules\@msgpackr-extract\msgpackr-extract-linux-arm64
123 silly reify mark deleted [
123 silly reify   'D:\\ESPRIT\\4eme\\Stage_Ingénieur_ete\\Projet1_CatalaogueIndustrialisation\\DEV\\FrontendAngular\\industrialisationprojet_frontend\\node_modules\\@msgpackr-extract\\msgpackr-extract-linux-arm64'
123 silly reify ]
124 verbose reify failed optional dependency D:\ESPRIT\4eme\Stage_Ingénieur_ete\Projet1_CatalaogueIndustrialisation\DEV\FrontendAngular\industrialisationprojet_frontend\node_modules\@msgpackr-extract\msgpackr-extract-linux-arm
125 silly reify mark deleted [
125 silly reify   'D:\\ESPRIT\\4eme\\Stage_Ingénieur_ete\\Projet1_CatalaogueIndustrialisation\\DEV\\FrontendAngular\\industrialisationprojet_frontend\\node_modules\\@msgpackr-extract\\msgpackr-extract-linux-arm'
125 silly reify ]
126 verbose reify failed optional dependency D:\ESPRIT\4eme\Stage_Ingénieur_ete\Projet1_CatalaogueIndustrialisation\DEV\FrontendAngular\industrialisationprojet_frontend\node_modules\@msgpackr-extract\msgpackr-extract-darwin-x64
127 silly reify mark deleted [
127 silly reify   'D:\\ESPRIT\\4eme\\Stage_Ingénieur_ete\\Projet1_CatalaogueIndustrialisation\\DEV\\FrontendAngular\\industrialisationprojet_frontend\\node_modules\\@msgpackr-extract\\msgpackr-extract-darwin-x64'
127 silly reify ]
128 verbose reify failed optional dependency D:\ESPRIT\4eme\Stage_Ingénieur_ete\Projet1_CatalaogueIndustrialisation\DEV\FrontendAngular\industrialisationprojet_frontend\node_modules\@msgpackr-extract\msgpackr-extract-darwin-arm64
129 silly reify mark deleted [
129 silly reify   'D:\\ESPRIT\\4eme\\Stage_Ingénieur_ete\\Projet1_CatalaogueIndustrialisation\\DEV\\FrontendAngular\\industrialisationprojet_frontend\\node_modules\\@msgpackr-extract\\msgpackr-extract-darwin-arm64'
129 silly reify ]
130 verbose reify failed optional dependency D:\ESPRIT\4eme\Stage_Ingénieur_ete\Projet1_CatalaogueIndustrialisation\DEV\FrontendAngular\industrialisationprojet_frontend\node_modules\@lmdb\lmdb-win32-arm64
131 silly reify mark deleted [
131 silly reify   'D:\\ESPRIT\\4eme\\Stage_Ingénieur_ete\\Projet1_CatalaogueIndustrialisation\\DEV\\FrontendAngular\\industrialisationprojet_frontend\\node_modules\\@lmdb\\lmdb-win32-arm64'
131 silly reify ]
132 verbose reify failed optional dependency D:\ESPRIT\4eme\Stage_Ingénieur_ete\Projet1_CatalaogueIndustrialisation\DEV\FrontendAngular\industrialisationprojet_frontend\node_modules\@lmdb\lmdb-linux-x64
133 silly reify mark deleted [
133 silly reify   'D:\\ESPRIT\\4eme\\Stage_Ingénieur_ete\\Projet1_CatalaogueIndustrialisation\\DEV\\FrontendAngular\\industrialisationprojet_frontend\\node_modules\\@lmdb\\lmdb-linux-x64'
133 silly reify ]
134 verbose reify failed optional dependency D:\ESPRIT\4eme\Stage_Ingénieur_ete\Projet1_CatalaogueIndustrialisation\DEV\FrontendAngular\industrialisationprojet_frontend\node_modules\@lmdb\lmdb-linux-arm64
135 silly reify mark deleted [
135 silly reify   'D:\\ESPRIT\\4eme\\Stage_Ingénieur_ete\\Projet1_CatalaogueIndustrialisation\\DEV\\FrontendAngular\\industrialisationprojet_frontend\\node_modules\\@lmdb\\lmdb-linux-arm64'
135 silly reify ]
136 verbose reify failed optional dependency D:\ESPRIT\4eme\Stage_Ingénieur_ete\Projet1_CatalaogueIndustrialisation\DEV\FrontendAngular\industrialisationprojet_frontend\node_modules\@lmdb\lmdb-linux-arm
137 silly reify mark deleted [
137 silly reify   'D:\\ESPRIT\\4eme\\Stage_Ingénieur_ete\\Projet1_CatalaogueIndustrialisation\\DEV\\FrontendAngular\\industrialisationprojet_frontend\\node_modules\\@lmdb\\lmdb-linux-arm'
137 silly reify ]
138 verbose reify failed optional dependency D:\ESPRIT\4eme\Stage_Ingénieur_ete\Projet1_CatalaogueIndustrialisation\DEV\FrontendAngular\industrialisationprojet_frontend\node_modules\@lmdb\lmdb-darwin-x64
139 silly reify mark deleted [
139 silly reify   'D:\\ESPRIT\\4eme\\Stage_Ingénieur_ete\\Projet1_CatalaogueIndustrialisation\\DEV\\FrontendAngular\\industrialisationprojet_frontend\\node_modules\\@lmdb\\lmdb-darwin-x64'
139 silly reify ]
140 verbose reify failed optional dependency D:\ESPRIT\4eme\Stage_Ingénieur_ete\Projet1_CatalaogueIndustrialisation\DEV\FrontendAngular\industrialisationprojet_frontend\node_modules\@lmdb\lmdb-darwin-arm64
141 silly reify mark deleted [
141 silly reify   'D:\\ESPRIT\\4eme\\Stage_Ingénieur_ete\\Projet1_CatalaogueIndustrialisation\\DEV\\FrontendAngular\\industrialisationprojet_frontend\\node_modules\\@lmdb\\lmdb-darwin-arm64'
141 silly reify ]
142 verbose reify failed optional dependency D:\ESPRIT\4eme\Stage_Ingénieur_ete\Projet1_CatalaogueIndustrialisation\DEV\FrontendAngular\industrialisationprojet_frontend\node_modules\@esbuild\win32-ia32
143 silly reify mark deleted [
143 silly reify   'D:\\ESPRIT\\4eme\\Stage_Ingénieur_ete\\Projet1_CatalaogueIndustrialisation\\DEV\\FrontendAngular\\industrialisationprojet_frontend\\node_modules\\@esbuild\\win32-ia32'
143 silly reify ]
144 verbose reify failed optional dependency D:\ESPRIT\4eme\Stage_Ingénieur_ete\Projet1_CatalaogueIndustrialisation\DEV\FrontendAngular\industrialisationprojet_frontend\node_modules\@esbuild\win32-arm64
145 silly reify mark deleted [
145 silly reify   'D:\\ESPRIT\\4eme\\Stage_Ingénieur_ete\\Projet1_CatalaogueIndustrialisation\\DEV\\FrontendAngular\\industrialisationprojet_frontend\\node_modules\\@esbuild\\win32-arm64'
145 silly reify ]
146 verbose reify failed optional dependency D:\ESPRIT\4eme\Stage_Ingénieur_ete\Projet1_CatalaogueIndustrialisation\DEV\FrontendAngular\industrialisationprojet_frontend\node_modules\@esbuild\sunos-x64
147 silly reify mark deleted [
147 silly reify   'D:\\ESPRIT\\4eme\\Stage_Ingénieur_ete\\Projet1_CatalaogueIndustrialisation\\DEV\\FrontendAngular\\industrialisationprojet_frontend\\node_modules\\@esbuild\\sunos-x64'
147 silly reify ]
148 verbose reify failed optional dependency D:\ESPRIT\4eme\Stage_Ingénieur_ete\Projet1_CatalaogueIndustrialisation\DEV\FrontendAngular\industrialisationprojet_frontend\node_modules\@esbuild\openharmony-arm64
149 silly reify mark deleted [
149 silly reify   'D:\\ESPRIT\\4eme\\Stage_Ingénieur_ete\\Projet1_CatalaogueIndustrialisation\\DEV\\FrontendAngular\\industrialisationprojet_frontend\\node_modules\\@esbuild\\openharmony-arm64'
149 silly reify ]
150 verbose reify failed optional dependency D:\ESPRIT\4eme\Stage_Ingénieur_ete\Projet1_CatalaogueIndustrialisation\DEV\FrontendAngular\industrialisationprojet_frontend\node_modules\@esbuild\openbsd-x64
151 silly reify mark deleted [
151 silly reify   'D:\\ESPRIT\\4eme\\Stage_Ingénieur_ete\\Projet1_CatalaogueIndustrialisation\\DEV\\FrontendAngular\\industrialisationprojet_frontend\\node_modules\\@esbuild\\openbsd-x64'
151 silly reify ]
152 verbose reify failed optional dependency D:\ESPRIT\4eme\Stage_Ingénieur_ete\Projet1_CatalaogueIndustrialisation\DEV\FrontendAngular\industrialisationprojet_frontend\node_modules\@esbuild\openbsd-arm64
153 silly reify mark deleted [
153 silly reify   'D:\\ESPRIT\\4eme\\Stage_Ingénieur_ete\\Projet1_CatalaogueIndustrialisation\\DEV\\FrontendAngular\\industrialisationprojet_frontend\\node_modules\\@esbuild\\openbsd-arm64'
153 silly reify ]
154 verbose reify failed optional dependency D:\ESPRIT\4eme\Stage_Ingénieur_ete\Projet1_CatalaogueIndustrialisation\DEV\FrontendAngular\industrialisationprojet_frontend\node_modules\@esbuild\netbsd-x64
155 silly reify mark deleted [
155 silly reify   'D:\\ESPRIT\\4eme\\Stage_Ingénieur_ete\\Projet1_CatalaogueIndustrialisation\\DEV\\FrontendAngular\\industrialisationprojet_frontend\\node_modules\\@esbuild\\netbsd-x64'
155 silly reify ]
156 verbose reify failed optional dependency D:\ESPRIT\4eme\Stage_Ingénieur_ete\Projet1_CatalaogueIndustrialisation\DEV\FrontendAngular\industrialisationprojet_frontend\node_modules\@esbuild\netbsd-arm64
157 silly reify mark deleted [
157 silly reify   'D:\\ESPRIT\\4eme\\Stage_Ingénieur_ete\\Projet1_CatalaogueIndustrialisation\\DEV\\FrontendAngular\\industrialisationprojet_frontend\\node_modules\\@esbuild\\netbsd-arm64'
157 silly reify ]
158 verbose reify failed optional dependency D:\ESPRIT\4eme\Stage_Ingénieur_ete\Projet1_CatalaogueIndustrialisation\DEV\FrontendAngular\industrialisationprojet_frontend\node_modules\@esbuild\linux-x64
159 silly reify mark deleted [
159 silly reify   'D:\\ESPRIT\\4eme\\Stage_Ingénieur_ete\\Projet1_CatalaogueIndustrialisation\\DEV\\FrontendAngular\\industrialisationprojet_frontend\\node_modules\\@esbuild\\linux-x64'
159 silly reify ]
160 verbose reify failed optional dependency D:\ESPRIT\4eme\Stage_Ingénieur_ete\Projet1_CatalaogueIndustrialisation\DEV\FrontendAngular\industrialisationprojet_frontend\node_modules\@esbuild\linux-s390x
161 silly reify mark deleted [
161 silly reify   'D:\\ESPRIT\\4eme\\Stage_Ingénieur_ete\\Projet1_CatalaogueIndustrialisation\\DEV\\FrontendAngular\\industrialisationprojet_frontend\\node_modules\\@esbuild\\linux-s390x'
161 silly reify ]
162 verbose reify failed optional dependency D:\ESPRIT\4eme\Stage_Ingénieur_ete\Projet1_CatalaogueIndustrialisation\DEV\FrontendAngular\industrialisationprojet_frontend\node_modules\@esbuild\linux-riscv64
163 silly reify mark deleted [
163 silly reify   'D:\\ESPRIT\\4eme\\Stage_Ingénieur_ete\\Projet1_CatalaogueIndustrialisation\\DEV\\FrontendAngular\\industrialisationprojet_frontend\\node_modules\\@esbuild\\linux-riscv64'
163 silly reify ]
164 verbose reify failed optional dependency D:\ESPRIT\4eme\Stage_Ingénieur_ete\Projet1_CatalaogueIndustrialisation\DEV\FrontendAngular\industrialisationprojet_frontend\node_modules\@esbuild\linux-ppc64
165 silly reify mark deleted [
165 silly reify   'D:\\ESPRIT\\4eme\\Stage_Ingénieur_ete\\Projet1_CatalaogueIndustrialisation\\DEV\\FrontendAngular\\industrialisationprojet_frontend\\node_modules\\@esbuild\\linux-ppc64'
165 silly reify ]
166 verbose reify failed optional dependency D:\ESPRIT\4eme\Stage_Ingénieur_ete\Projet1_CatalaogueIndustrialisation\DEV\FrontendAngular\industrialisationprojet_frontend\node_modules\@esbuild\linux-mips64el
167 silly reify mark deleted [
167 silly reify   'D:\\ESPRIT\\4eme\\Stage_Ingénieur_ete\\Projet1_CatalaogueIndustrialisation\\DEV\\FrontendAngular\\industrialisationprojet_frontend\\node_modules\\@esbuild\\linux-mips64el'
167 silly reify ]
168 verbose reify failed optional dependency D:\ESPRIT\4eme\Stage_Ingénieur_ete\Projet1_CatalaogueIndustrialisation\DEV\FrontendAngular\industrialisationprojet_frontend\node_modules\@esbuild\linux-loong64
169 silly reify mark deleted [
169 silly reify   'D:\\ESPRIT\\4eme\\Stage_Ingénieur_ete\\Projet1_CatalaogueIndustrialisation\\DEV\\FrontendAngular\\industrialisationprojet_frontend\\node_modules\\@esbuild\\linux-loong64'
169 silly reify ]
170 verbose reify failed optional dependency D:\ESPRIT\4eme\Stage_Ingénieur_ete\Projet1_CatalaogueIndustrialisation\DEV\FrontendAngular\industrialisationprojet_frontend\node_modules\@esbuild\linux-ia32
171 silly reify mark deleted [
171 silly reify   'D:\\ESPRIT\\4eme\\Stage_Ingénieur_ete\\Projet1_CatalaogueIndustrialisation\\DEV\\FrontendAngular\\industrialisationprojet_frontend\\node_modules\\@esbuild\\linux-ia32'
171 silly reify ]
172 verbose reify failed optional dependency D:\ESPRIT\4eme\Stage_Ingénieur_ete\Projet1_CatalaogueIndustrialisation\DEV\FrontendAngular\industrialisationprojet_frontend\node_modules\@esbuild\linux-arm64
173 silly reify mark deleted [
173 silly reify   'D:\\ESPRIT\\4eme\\Stage_Ingénieur_ete\\Projet1_CatalaogueIndustrialisation\\DEV\\FrontendAngular\\industrialisationprojet_frontend\\node_modules\\@esbuild\\linux-arm64'
173 silly reify ]
174 verbose reify failed optional dependency D:\ESPRIT\4eme\Stage_Ingénieur_ete\Projet1_CatalaogueIndustrialisation\DEV\FrontendAngular\industrialisationprojet_frontend\node_modules\@esbuild\linux-arm
175 silly reify mark deleted [
175 silly reify   'D:\\ESPRIT\\4eme\\Stage_Ingénieur_ete\\Projet1_CatalaogueIndustrialisation\\DEV\\FrontendAngular\\industrialisationprojet_frontend\\node_modules\\@esbuild\\linux-arm'
175 silly reify ]
176 verbose reify failed optional dependency D:\ESPRIT\4eme\Stage_Ingénieur_ete\Projet1_CatalaogueIndustrialisation\DEV\FrontendAngular\industrialisationprojet_frontend\node_modules\@esbuild\freebsd-x64
177 silly reify mark deleted [
177 silly reify   'D:\\ESPRIT\\4eme\\Stage_Ingénieur_ete\\Projet1_CatalaogueIndustrialisation\\DEV\\FrontendAngular\\industrialisationprojet_frontend\\node_modules\\@esbuild\\freebsd-x64'
177 silly reify ]
178 verbose reify failed optional dependency D:\ESPRIT\4eme\Stage_Ingénieur_ete\Projet1_CatalaogueIndustrialisation\DEV\FrontendAngular\industrialisationprojet_frontend\node_modules\@esbuild\freebsd-arm64
179 silly reify mark deleted [
179 silly reify   'D:\\ESPRIT\\4eme\\Stage_Ingénieur_ete\\Projet1_CatalaogueIndustrialisation\\DEV\\FrontendAngular\\industrialisationprojet_frontend\\node_modules\\@esbuild\\freebsd-arm64'
179 silly reify ]
180 verbose reify failed optional dependency D:\ESPRIT\4eme\Stage_Ingénieur_ete\Projet1_CatalaogueIndustrialisation\DEV\FrontendAngular\industrialisationprojet_frontend\node_modules\@esbuild\darwin-x64
181 silly reify mark deleted [
181 silly reify   'D:\\ESPRIT\\4eme\\Stage_Ingénieur_ete\\Projet1_CatalaogueIndustrialisation\\DEV\\FrontendAngular\\industrialisationprojet_frontend\\node_modules\\@esbuild\\darwin-x64'
181 silly reify ]
182 verbose reify failed optional dependency D:\ESPRIT\4eme\Stage_Ingénieur_ete\Projet1_CatalaogueIndustrialisation\DEV\FrontendAngular\industrialisationprojet_frontend\node_modules\@esbuild\darwin-arm64
183 silly reify mark deleted [
183 silly reify   'D:\\ESPRIT\\4eme\\Stage_Ingénieur_ete\\Projet1_CatalaogueIndustrialisation\\DEV\\FrontendAngular\\industrialisationprojet_frontend\\node_modules\\@esbuild\\darwin-arm64'
183 silly reify ]
184 verbose reify failed optional dependency D:\ESPRIT\4eme\Stage_Ingénieur_ete\Projet1_CatalaogueIndustrialisation\DEV\FrontendAngular\industrialisationprojet_frontend\node_modules\@esbuild\android-x64
185 silly reify mark deleted [
185 silly reify   'D:\\ESPRIT\\4eme\\Stage_Ingénieur_ete\\Projet1_CatalaogueIndustrialisation\\DEV\\FrontendAngular\\industrialisationprojet_frontend\\node_modules\\@esbuild\\android-x64'
185 silly reify ]
186 verbose reify failed optional dependency D:\ESPRIT\4eme\Stage_Ingénieur_ete\Projet1_CatalaogueIndustrialisation\DEV\FrontendAngular\industrialisationprojet_frontend\node_modules\@esbuild\android-arm64
187 silly reify mark deleted [
187 silly reify   'D:\\ESPRIT\\4eme\\Stage_Ingénieur_ete\\Projet1_CatalaogueIndustrialisation\\DEV\\FrontendAngular\\industrialisationprojet_frontend\\node_modules\\@esbuild\\android-arm64'
187 silly reify ]
188 verbose reify failed optional dependency D:\ESPRIT\4eme\Stage_Ingénieur_ete\Projet1_CatalaogueIndustrialisation\DEV\FrontendAngular\industrialisationprojet_frontend\node_modules\@esbuild\android-arm
189 silly reify mark deleted [
189 silly reify   'D:\\ESPRIT\\4eme\\Stage_Ingénieur_ete\\Projet1_CatalaogueIndustrialisation\\DEV\\FrontendAngular\\industrialisationprojet_frontend\\node_modules\\@esbuild\\android-arm'
189 silly reify ]
190 verbose reify failed optional dependency D:\ESPRIT\4eme\Stage_Ingénieur_ete\Projet1_CatalaogueIndustrialisation\DEV\FrontendAngular\industrialisationprojet_frontend\node_modules\@esbuild\aix-ppc64
191 silly reify mark deleted [
191 silly reify   'D:\\ESPRIT\\4eme\\Stage_Ingénieur_ete\\Projet1_CatalaogueIndustrialisation\\DEV\\FrontendAngular\\industrialisationprojet_frontend\\node_modules\\@esbuild\\aix-ppc64'
191 silly reify ]
192 verbose reify failed optional dependency D:\ESPRIT\4eme\Stage_Ingénieur_ete\Projet1_CatalaogueIndustrialisation\DEV\FrontendAngular\industrialisationprojet_frontend\node_modules\vite\node_modules\@esbuild\win32-ia32
193 silly reify mark deleted [
193 silly reify   'D:\\ESPRIT\\4eme\\Stage_Ingénieur_ete\\Projet1_CatalaogueIndustrialisation\\DEV\\FrontendAngular\\industrialisationprojet_frontend\\node_modules\\vite\\node_modules\\@esbuild\\win32-ia32'
193 silly reify ]
194 verbose reify failed optional dependency D:\ESPRIT\4eme\Stage_Ingénieur_ete\Projet1_CatalaogueIndustrialisation\DEV\FrontendAngular\industrialisationprojet_frontend\node_modules\vite\node_modules\@esbuild\win32-arm64
195 silly reify mark deleted [
195 silly reify   'D:\\ESPRIT\\4eme\\Stage_Ingénieur_ete\\Projet1_CatalaogueIndustrialisation\\DEV\\FrontendAngular\\industrialisationprojet_frontend\\node_modules\\vite\\node_modules\\@esbuild\\win32-arm64'
195 silly reify ]
196 verbose reify failed optional dependency D:\ESPRIT\4eme\Stage_Ingénieur_ete\Projet1_CatalaogueIndustrialisation\DEV\FrontendAngular\industrialisationprojet_frontend\node_modules\vite\node_modules\@esbuild\sunos-x64
197 silly reify mark deleted [
197 silly reify   'D:\\ESPRIT\\4eme\\Stage_Ingénieur_ete\\Projet1_CatalaogueIndustrialisation\\DEV\\FrontendAngular\\industrialisationprojet_frontend\\node_modules\\vite\\node_modules\\@esbuild\\sunos-x64'
197 silly reify ]
198 verbose reify failed optional dependency D:\ESPRIT\4eme\Stage_Ingénieur_ete\Projet1_CatalaogueIndustrialisation\DEV\FrontendAngular\industrialisationprojet_frontend\node_modules\vite\node_modules\@esbuild\openharmony-arm64
199 silly reify mark deleted [
199 silly reify   'D:\\ESPRIT\\4eme\\Stage_Ingénieur_ete\\Projet1_CatalaogueIndustrialisation\\DEV\\FrontendAngular\\industrialisationprojet_frontend\\node_modules\\vite\\node_modules\\@esbuild\\openharmony-arm64'
199 silly reify ]
200 verbose reify failed optional dependency D:\ESPRIT\4eme\Stage_Ingénieur_ete\Projet1_CatalaogueIndustrialisation\DEV\FrontendAngular\industrialisationprojet_frontend\node_modules\vite\node_modules\@esbuild\openbsd-x64
201 silly reify mark deleted [
201 silly reify   'D:\\ESPRIT\\4eme\\Stage_Ingénieur_ete\\Projet1_CatalaogueIndustrialisation\\DEV\\FrontendAngular\\industrialisationprojet_frontend\\node_modules\\vite\\node_modules\\@esbuild\\openbsd-x64'
201 silly reify ]
202 verbose reify failed optional dependency D:\ESPRIT\4eme\Stage_Ingénieur_ete\Projet1_CatalaogueIndustrialisation\DEV\FrontendAngular\industrialisationprojet_frontend\node_modules\vite\node_modules\@esbuild\openbsd-arm64
203 silly reify mark deleted [
203 silly reify   'D:\\ESPRIT\\4eme\\Stage_Ingénieur_ete\\Projet1_CatalaogueIndustrialisation\\DEV\\FrontendAngular\\industrialisationprojet_frontend\\node_modules\\vite\\node_modules\\@esbuild\\openbsd-arm64'
203 silly reify ]
204 verbose reify failed optional dependency D:\ESPRIT\4eme\Stage_Ingénieur_ete\Projet1_CatalaogueIndustrialisation\DEV\FrontendAngular\industrialisationprojet_frontend\node_modules\vite\node_modules\@esbuild\netbsd-x64
205 silly reify mark deleted [
205 silly reify   'D:\\ESPRIT\\4eme\\Stage_Ingénieur_ete\\Projet1_CatalaogueIndustrialisation\\DEV\\FrontendAngular\\industrialisationprojet_frontend\\node_modules\\vite\\node_modules\\@esbuild\\netbsd-x64'
205 silly reify ]
206 verbose reify failed optional dependency D:\ESPRIT\4eme\Stage_Ingénieur_ete\Projet1_CatalaogueIndustrialisation\DEV\FrontendAngular\industrialisationprojet_frontend\node_modules\vite\node_modules\@esbuild\netbsd-arm64
207 silly reify mark deleted [
207 silly reify   'D:\\ESPRIT\\4eme\\Stage_Ingénieur_ete\\Projet1_CatalaogueIndustrialisation\\DEV\\FrontendAngular\\industrialisationprojet_frontend\\node_modules\\vite\\node_modules\\@esbuild\\netbsd-arm64'
207 silly reify ]
208 verbose reify failed optional dependency D:\ESPRIT\4eme\Stage_Ingénieur_ete\Projet1_CatalaogueIndustrialisation\DEV\FrontendAngular\industrialisationprojet_frontend\node_modules\vite\node_modules\@esbuild\linux-x64
209 silly reify mark deleted [
209 silly reify   'D:\\ESPRIT\\4eme\\Stage_Ingénieur_ete\\Projet1_CatalaogueIndustrialisation\\DEV\\FrontendAngular\\industrialisationprojet_frontend\\node_modules\\vite\\node_modules\\@esbuild\\linux-x64'
209 silly reify ]
210 verbose reify failed optional dependency D:\ESPRIT\4eme\Stage_Ingénieur_ete\Projet1_CatalaogueIndustrialisation\DEV\FrontendAngular\industrialisationprojet_frontend\node_modules\vite\node_modules\@esbuild\linux-s390x
211 silly reify mark deleted [
211 silly reify   'D:\\ESPRIT\\4eme\\Stage_Ingénieur_ete\\Projet1_CatalaogueIndustrialisation\\DEV\\FrontendAngular\\industrialisationprojet_frontend\\node_modules\\vite\\node_modules\\@esbuild\\linux-s390x'
211 silly reify ]
212 verbose reify failed optional dependency D:\ESPRIT\4eme\Stage_Ingénieur_ete\Projet1_CatalaogueIndustrialisation\DEV\FrontendAngular\industrialisationprojet_frontend\node_modules\vite\node_modules\@esbuild\linux-riscv64
213 silly reify mark deleted [
213 silly reify   'D:\\ESPRIT\\4eme\\Stage_Ingénieur_ete\\Projet1_CatalaogueIndustrialisation\\DEV\\FrontendAngular\\industrialisationprojet_frontend\\node_modules\\vite\\node_modules\\@esbuild\\linux-riscv64'
213 silly reify ]
214 verbose reify failed optional dependency D:\ESPRIT\4eme\Stage_Ingénieur_ete\Projet1_CatalaogueIndustrialisation\DEV\FrontendAngular\industrialisationprojet_frontend\node_modules\vite\node_modules\@esbuild\linux-ppc64
215 silly reify mark deleted [
215 silly reify   'D:\\ESPRIT\\4eme\\Stage_Ingénieur_ete\\Projet1_CatalaogueIndustrialisation\\DEV\\FrontendAngular\\industrialisationprojet_frontend\\node_modules\\vite\\node_modules\\@esbuild\\linux-ppc64'
215 silly reify ]
216 verbose reify failed optional dependency D:\ESPRIT\4eme\Stage_Ingénieur_ete\Projet1_CatalaogueIndustrialisation\DEV\FrontendAngular\industrialisationprojet_frontend\node_modules\vite\node_modules\@esbuild\linux-mips64el
217 silly reify mark deleted [
217 silly reify   'D:\\ESPRIT\\4eme\\Stage_Ingénieur_ete\\Projet1_CatalaogueIndustrialisation\\DEV\\FrontendAngular\\industrialisationprojet_frontend\\node_modules\\vite\\node_modules\\@esbuild\\linux-mips64el'
217 silly reify ]
218 verbose reify failed optional dependency D:\ESPRIT\4eme\Stage_Ingénieur_ete\Projet1_CatalaogueIndustrialisation\DEV\FrontendAngular\industrialisationprojet_frontend\node_modules\vite\node_modules\@esbuild\linux-loong64
219 silly reify mark deleted [
219 silly reify   'D:\\ESPRIT\\4eme\\Stage_Ingénieur_ete\\Projet1_CatalaogueIndustrialisation\\DEV\\FrontendAngular\\industrialisationprojet_frontend\\node_modules\\vite\\node_modules\\@esbuild\\linux-loong64'
219 silly reify ]
220 verbose reify failed optional dependency D:\ESPRIT\4eme\Stage_Ingénieur_ete\Projet1_CatalaogueIndustrialisation\DEV\FrontendAngular\industrialisationprojet_frontend\node_modules\vite\node_modules\@esbuild\linux-ia32
221 silly reify mark deleted [
221 silly reify   'D:\\ESPRIT\\4eme\\Stage_Ingénieur_ete\\Projet1_CatalaogueIndustrialisation\\DEV\\FrontendAngular\\industrialisationprojet_frontend\\node_modules\\vite\\node_modules\\@esbuild\\linux-ia32'
221 silly reify ]
222 verbose reify failed optional dependency D:\ESPRIT\4eme\Stage_Ingénieur_ete\Projet1_CatalaogueIndustrialisation\DEV\FrontendAngular\industrialisationprojet_frontend\node_modules\vite\node_modules\@esbuild\linux-arm64
223 silly reify mark deleted [
223 silly reify   'D:\\ESPRIT\\4eme\\Stage_Ingénieur_ete\\Projet1_CatalaogueIndustrialisation\\DEV\\FrontendAngular\\industrialisationprojet_frontend\\node_modules\\vite\\node_modules\\@esbuild\\linux-arm64'
223 silly reify ]
224 verbose reify failed optional dependency D:\ESPRIT\4eme\Stage_Ingénieur_ete\Projet1_CatalaogueIndustrialisation\DEV\FrontendAngular\industrialisationprojet_frontend\node_modules\vite\node_modules\@esbuild\linux-arm
225 silly reify mark deleted [
225 silly reify   'D:\\ESPRIT\\4eme\\Stage_Ingénieur_ete\\Projet1_CatalaogueIndustrialisation\\DEV\\FrontendAngular\\industrialisationprojet_frontend\\node_modules\\vite\\node_modules\\@esbuild\\linux-arm'
225 silly reify ]
226 verbose reify failed optional dependency D:\ESPRIT\4eme\Stage_Ingénieur_ete\Projet1_CatalaogueIndustrialisation\DEV\FrontendAngular\industrialisationprojet_frontend\node_modules\vite\node_modules\@esbuild\freebsd-x64
227 silly reify mark deleted [
227 silly reify   'D:\\ESPRIT\\4eme\\Stage_Ingénieur_ete\\Projet1_CatalaogueIndustrialisation\\DEV\\FrontendAngular\\industrialisationprojet_frontend\\node_modules\\vite\\node_modules\\@esbuild\\freebsd-x64'
227 silly reify ]
228 verbose reify failed optional dependency D:\ESPRIT\4eme\Stage_Ingénieur_ete\Projet1_CatalaogueIndustrialisation\DEV\FrontendAngular\industrialisationprojet_frontend\node_modules\vite\node_modules\@esbuild\freebsd-arm64
229 silly reify mark deleted [
229 silly reify   'D:\\ESPRIT\\4eme\\Stage_Ingénieur_ete\\Projet1_CatalaogueIndustrialisation\\DEV\\FrontendAngular\\industrialisationprojet_frontend\\node_modules\\vite\\node_modules\\@esbuild\\freebsd-arm64'
229 silly reify ]
230 verbose reify failed optional dependency D:\ESPRIT\4eme\Stage_Ingénieur_ete\Projet1_CatalaogueIndustrialisation\DEV\FrontendAngular\industrialisationprojet_frontend\node_modules\vite\node_modules\@esbuild\darwin-x64
231 silly reify mark deleted [
231 silly reify   'D:\\ESPRIT\\4eme\\Stage_Ingénieur_ete\\Projet1_CatalaogueIndustrialisation\\DEV\\FrontendAngular\\industrialisationprojet_frontend\\node_modules\\vite\\node_modules\\@esbuild\\darwin-x64'
231 silly reify ]
232 verbose reify failed optional dependency D:\ESPRIT\4eme\Stage_Ingénieur_ete\Projet1_CatalaogueIndustrialisation\DEV\FrontendAngular\industrialisationprojet_frontend\node_modules\vite\node_modules\@esbuild\darwin-arm64
233 silly reify mark deleted [
233 silly reify   'D:\\ESPRIT\\4eme\\Stage_Ingénieur_ete\\Projet1_CatalaogueIndustrialisation\\DEV\\FrontendAngular\\industrialisationprojet_frontend\\node_modules\\vite\\node_modules\\@esbuild\\darwin-arm64'
233 silly reify ]
234 verbose reify failed optional dependency D:\ESPRIT\4eme\Stage_Ingénieur_ete\Projet1_CatalaogueIndustrialisation\DEV\FrontendAngular\industrialisationprojet_frontend\node_modules\vite\node_modules\@esbuild\android-x64
235 silly reify mark deleted [
235 silly reify   'D:\\ESPRIT\\4eme\\Stage_Ingénieur_ete\\Projet1_CatalaogueIndustrialisation\\DEV\\FrontendAngular\\industrialisationprojet_frontend\\node_modules\\vite\\node_modules\\@esbuild\\android-x64'
235 silly reify ]
236 verbose reify failed optional dependency D:\ESPRIT\4eme\Stage_Ingénieur_ete\Projet1_CatalaogueIndustrialisation\DEV\FrontendAngular\industrialisationprojet_frontend\node_modules\vite\node_modules\@esbuild\android-arm64
237 silly reify mark deleted [
237 silly reify   'D:\\ESPRIT\\4eme\\Stage_Ingénieur_ete\\Projet1_CatalaogueIndustrialisation\\DEV\\FrontendAngular\\industrialisationprojet_frontend\\node_modules\\vite\\node_modules\\@esbuild\\android-arm64'
237 silly reify ]
238 verbose reify failed optional dependency D:\ESPRIT\4eme\Stage_Ingénieur_ete\Projet1_CatalaogueIndustrialisation\DEV\FrontendAngular\industrialisationprojet_frontend\node_modules\vite\node_modules\@esbuild\android-arm
239 silly reify mark deleted [
239 silly reify   'D:\\ESPRIT\\4eme\\Stage_Ingénieur_ete\\Projet1_CatalaogueIndustrialisation\\DEV\\FrontendAngular\\industrialisationprojet_frontend\\node_modules\\vite\\node_modules\\@esbuild\\android-arm'
239 silly reify ]
240 verbose reify failed optional dependency D:\ESPRIT\4eme\Stage_Ingénieur_ete\Projet1_CatalaogueIndustrialisation\DEV\FrontendAngular\industrialisationprojet_frontend\node_modules\vite\node_modules\@esbuild\aix-ppc64
241 silly reify mark deleted [
241 silly reify   'D:\\ESPRIT\\4eme\\Stage_Ingénieur_ete\\Projet1_CatalaogueIndustrialisation\\DEV\\FrontendAngular\\industrialisationprojet_frontend\\node_modules\\vite\\node_modules\\@esbuild\\aix-ppc64'
241 silly reify ]
242 silly audit bulk request failed undefined
243 verbose audit error FetchError: request to https://registry.npmjs.org/-/npm/v1/security/audits/quick failed, reason: 
243 verbose audit error     at ClientRequest.<anonymous> (C:\Program Files\nodejs\node_modules\npm\node_modules\minipass-fetch\lib\index.js:130:14)
243 verbose audit error     at ClientRequest.emit (node:events:524:28)
243 verbose audit error     at emitErrorEvent (node:_http_client:101:11)
243 verbose audit error     at _destroy (node:_http_client:884:9)
243 verbose audit error     at onSocketNT (node:_http_client:904:5)
243 verbose audit error     at process.processTicksAndRejections (node:internal/process/task_queues:83:21) {
243 verbose audit error   code: 'EACCES',
243 verbose audit error   errno: 'EACCES',
243 verbose audit error   type: 'system'
243 verbose audit error }
244 silly audit error undefined
245 silly audit report null
246 silly ADD
247 silly ADD
248 silly ADD
249 silly ADD
250 silly ADD
251 silly ADD
252 silly ADD
253 silly ADD
254 silly ADD
255 silly ADD
256 silly ADD
257 silly ADD
258 silly ADD
259 silly ADD
260 silly ADD
261 silly ADD
262 silly ADD
263 silly ADD
264 silly ADD
265 silly ADD
266 silly ADD
267 silly ADD
268 silly ADD
269 silly ADD
270 silly ADD
271 silly ADD
272 silly ADD
273 silly ADD
274 silly ADD
275 silly ADD
276 silly ADD
277 silly ADD
278 silly ADD
279 silly ADD
280 silly ADD
281 silly ADD
282 silly ADD
283 silly ADD
284 silly ADD
285 silly ADD
286 silly ADD
287 silly ADD
288 silly ADD
289 silly ADD
290 silly ADD
291 silly ADD
292 silly ADD
293 silly ADD
294 silly ADD
295 silly ADD
296 silly ADD
297 silly ADD
298 silly ADD
299 silly ADD
300 silly ADD
301 silly ADD
302 silly ADD
303 silly ADD
304 silly ADD
305 silly ADD
306 silly ADD
307 silly ADD
308 silly ADD
309 silly ADD
310 silly ADD
311 silly ADD
312 silly ADD
313 silly ADD
314 silly ADD
315 silly ADD
316 silly ADD
317 silly ADD
318 silly ADD
319 silly ADD
320 silly ADD
321 silly ADD
322 silly ADD
323 silly ADD
324 silly ADD
325 silly ADD
326 silly ADD
327 silly ADD
328 silly ADD
329 silly ADD
330 silly ADD
331 silly ADD
332 silly ADD
333 silly ADD
334 silly ADD
335 silly ADD
336 silly ADD
337 silly ADD
338 silly ADD
339 silly ADD
340 silly ADD
341 silly ADD
342 silly ADD
343 silly ADD
344 silly ADD
345 silly ADD
346 silly ADD
347 silly ADD
348 silly ADD
349 silly ADD
350 silly ADD
351 silly ADD
352 silly ADD
353 silly ADD
354 silly ADD
355 silly ADD
356 silly ADD
357 silly ADD
358 silly ADD
359 verbose cwd D:\ESPRIT\4eme\Stage_Ingénieur_ete\Projet1_CatalaogueIndustrialisation\DEV\FrontendAngular\industrialisationprojet_frontend
360 verbose os Windows_NT 10.0.19045
361 verbose node v20.20.0
362 verbose npm  v10.8.2
363 verbose exit 0
364 info ok
